"vpncode","nlt_1","nlt_2","nlt_3","nlt_4","nlt_5","nlt_6","nlt_7","nlt_8","nlt_9","nlt_10","nlt_11","nlt_12","nlt_13","nlt_14","nlt_15","nlt_16","nlt_17","nlt_18","nlt_19","nlt_20","nlt_21","nlt_22","nlt_23","nlt_24","nlt_25","nlt_26","initial","nlt_1_noni","nlt_2_noni","nlt_3_noni","nlt_4_noni","nlt_5_noni","nlt_6_noni","nlt_7_noni","nlt_8_noni","nlt_9_noni","nlt_10_noni","nlt_11_noni","nlt_12_noni","nlt_13_noni","nlt_14_noni","nlt_15_noni","nlt_16_noni","nlt_17_noni","nlt_18_noni","nlt_19_noni","nlt_20_noni","nlt_21_noni","nlt_22_noni","nlt_23_noni","nlt_24_noni","nlt_25_noni","nlt_26_noni","initial_r","initial_r1","initial_r2","initial_r3","initial_r4","mean_noni","nlt_1_sub","nlt_2_sub","nlt_3_sub","nlt_4_sub","nlt_5_sub","nlt_6_sub","nlt_7_sub","nlt_8_sub","nlt_9_sub","nlt_10_sub","nlt_11_sub","nlt_12_sub","nlt_13_sub","nlt_14_sub","nlt_15_sub","nlt_16_sub","nlt_17_sub","nlt_18_sub","nlt_19_sub","nlt_20_sub","nlt_21_sub","nlt_22_sub","nlt_23_sub","nlt_24_sub","nlt_25_sub","nlt_26_sub","ipf1","ipf2","ipf3","ipf4","ipf5","score"
"DN12TO",4,2,2,4,2,1,4,5,5,4,4,4,4,3,4,2,2,4,4,4,4,3,4,2,4,1,"JK",4,2,2,4,2,1,4,5,5,4,NA,4,4,3,4,2,2,4,4,4,4,3,4,2,4,1,"JK","J","K","","",3.28,0.72,-1.28,-1.28,0.72,-1.28,-2.28,0.72,1.72,1.72,0.72,0.72,0.72,0.72,-0.28,0.72,-1.28,-1.28,0.72,0.72,0.72,0.72,-0.28,0.72,-1.28,0.72,-2.28,3.99623506927855,4.1142474916388,NA,NA,NA,4.05524128045867
"SB02CR",4,3,4,2,2,2,4,2,2,2,2,4,4,2,2,3,2,4,4,2,2,2,2,2,2,2,"PK",4,3,4,2,2,2,4,2,2,2,NA,4,4,2,2,3,2,4,4,2,2,2,2,2,2,2,"PK","P","K","","",2.64,1.36,0.36,1.36,-0.64,-0.64,-0.64,1.36,-0.64,-0.64,-0.64,-0.64,1.36,1.36,-0.64,-0.64,0.36,-0.64,1.36,1.36,-0.64,-0.64,-0.64,-0.64,-0.64,-0.64,-0.64,3.10803631151457,2.1142474916388,NA,NA,NA,2.61114190157668
"YO06RL",3,2,3,4,4,4,3,2,2,4,3,3,4,4,3,3,2,2,4,3,3,3,3,4,4,3,"JMA",NA,2,3,4,4,4,3,2,2,4,3,3,4,4,3,3,2,2,4,3,3,3,3,4,4,3,"JMA","J","M","A","",3.16,-0.16,-1.16,-0.16,0.84,0.84,0.84,-0.16,-1.16,-1.16,0.84,-0.16,-0.16,0.84,0.84,-0.16,-0.16,-1.16,-1.16,0.84,-0.16,-0.16,-0.16,-0.16,0.84,0.84,-0.16,3.99623506927855,3.03350215002389,2.13288103201147,NA,NA,3.0542060837713
"AN09RO",4,5,3,2,4,2,4,2,4,5,3,3,5,4,5,1,4,2,2,2,3,5,2,4,4,4,"VS",4,5,3,2,4,2,4,2,4,5,3,3,5,4,5,1,4,2,NA,2,3,5,2,4,4,4,"VS","V","S","","",3.44,0.56,1.56,-0.44,-1.44,0.56,-1.44,0.56,-1.44,0.56,1.56,-0.44,-0.44,1.56,0.56,1.56,-2.44,0.56,-1.44,-1.44,-1.44,-0.44,1.56,-1.44,0.56,0.56,0.56,5.36269469660774,1.24468227424749,NA,NA,NA,3.30368848542762
"CR08LR",4,3,1,5,5,4,4,2,4,5,2,4,3,2,3,2,1,1,3,1,2,1,1,1,1,1,"JSJ",4,3,1,5,5,4,4,2,4,NA,2,4,3,2,3,2,1,1,3,1,2,1,1,1,1,1,"JSJ","J","S","J","",2.44,1.56,0.56,-1.44,2.56,2.56,1.56,1.56,-0.44,1.56,2.56,-0.44,1.56,0.56,-0.44,0.56,-0.44,-1.44,-1.44,0.56,-1.44,-0.44,-1.44,-1.44,-1.44,-1.44,-1.44,4.99623506927855,2.24468227424749,4.99623506927855,NA,NA,4.0790508042682
"AN02XX",4,1,3,3,2,2,1,2,3,3,3,2,5,5,4,3,3,4,4,4,1,1,2,3,5,5,"YP",4,1,3,3,2,2,1,2,3,3,3,2,5,5,4,NA,3,4,4,4,1,1,2,3,5,5,"YP","Y","P","","",3,1,-2,0,0,-1,-1,-2,-1,0,0,0,-1,2,2,1,0,0,1,1,1,-2,-2,-1,0,2,2,5.29437171524128,3.10803631151457,NA,NA,NA,4.20120401337793
"BA03RG",2,5,4,5,3,2,2,2,4,3,2,5,4,3,5,3,2,2,5,3,2,2,2,3,2,2,"LMP",2,5,4,5,3,2,2,2,4,3,2,5,4,3,5,NA,2,2,5,3,2,2,2,3,2,2,"LMP","L","M","P","",3.04,-1.04,1.96,0.96,1.96,-0.04,-1.04,-1.04,-1.04,0.96,-0.04,-1.04,1.96,0.96,-0.04,1.96,-0.04,-1.04,-1.04,1.96,-0.04,-1.04,-1.04,-1.04,-0.04,-1.04,-1.04,4.73536550406116,3.03350215002389,3.10803631151457,NA,NA,3.62563465519987
"EK01GO",5,4,2,4,5,3,5,3,1,5,2,4,5,5,2,2,1,2,2,4,4,5,5,2,2,4,"LF",5,4,2,4,5,NA,5,3,1,5,2,4,5,5,2,2,1,2,2,4,4,5,5,2,2,4,"LF","L","F","","",3.4,1.6,0.6,-1.4,0.6,1.6,-0.4,1.6,-0.4,-2.4,1.6,-1.4,0.6,1.6,1.6,-1.4,-1.4,-2.4,-1.4,-1.4,0.6,0.6,1.6,1.6,-1.4,-1.4,0.6,3.73536550406116,3.39996177735308,NA,NA,NA,3.56766364070712
"MR03TO",3,4,4,3,3,3,4,3,3,4,3,2,4,3,3,3,4,4,4,2,2,3,3,3,4,3,"CVC",3,4,NA,3,3,3,4,3,3,4,3,2,4,3,3,3,4,4,4,2,2,3,3,3,4,3,"CVC","C","V","C","",3.2,-0.2,0.8,0.8,-0.2,-0.2,-0.2,0.8,-0.2,-0.2,0.8,-0.2,-1.2,0.8,-0.2,-0.2,-0.2,0.8,0.8,0.8,-1.2,-1.2,-0.2,-0.2,-0.2,0.8,-0.2,4.18878165312948,3.36269469660774,4.18878165312948,NA,NA,3.9134193342889
"PT09MS",4,4,2,3,3,3,3,4,3,4,3,3,4,2,4,3,1,3,3,2,3,4,1,1,1,4,"ZMFV",4,4,2,3,3,3,3,4,3,4,3,3,4,2,4,3,1,3,3,2,3,NA,1,1,1,4,"ZMFV","Z","M","F","V",2.84,1.16,1.16,-0.84,0.16,0.16,0.16,0.16,1.16,0.16,1.16,0.16,0.16,1.16,-0.84,1.16,0.16,-1.84,0.16,0.16,-0.84,0.16,1.16,-1.84,-1.84,-1.84,1.16,4.03971333014811,3.03350215002389,3.39996177735308,4.36269469660774,NA,3.70896798853321
"AG06DE",5,5,3,4,4,2,2,2,5,2,4,4,5,5,5,5,4,2,3,2,4,4,4,5,5,3,"AK",5,5,3,4,4,2,2,2,5,2,NA,4,5,5,5,5,4,2,3,2,4,4,4,5,5,3,"AK","A","K","","",3.76,1.24,1.24,-0.76,0.24,0.24,-1.76,-1.76,-1.76,1.24,-1.76,0.24,0.24,1.24,1.24,1.24,1.24,0.24,-1.76,-0.76,-1.76,0.24,0.24,0.24,1.24,1.24,-0.76,4.13288103201147,4.1142474916388,NA,NA,NA,4.12356426182513
"EI11CR",2,4,3,3,3,2,2,3,1,1,2,2,3,2,4,2,3,3,4,2,2,2,3,4,1,2,"IR",2,4,3,3,3,2,2,3,1,1,2,2,3,2,4,2,3,NA,4,2,2,2,3,4,1,2,"IR","I","R","","",2.48,-0.48,1.52,0.52,0.52,0.52,-0.48,-0.48,0.52,-1.48,-1.48,-0.48,-0.48,0.52,-0.48,1.52,-0.48,0.52,0.52,1.52,-0.48,-0.48,-0.48,0.52,1.52,-1.48,-0.48,1.26952699474439,3.1949928332537,NA,NA,NA,2.23225991399904
"KT04MT",2,3,5,3,2,1,3,2,3,3,4,2,4,3,4,3,3,2,4,2,4,2,4,3,2,2,"P.M.P.",2,3,5,3,2,1,3,2,3,3,4,2,4,3,4,NA,3,2,4,2,4,2,4,3,2,2,"PMP","P","M","P","",2.88,-0.88,0.12,2.12,0.12,-0.88,-1.88,0.12,-0.88,0.12,0.12,1.12,-0.88,1.12,0.12,1.12,0.12,0.12,-0.88,1.12,-0.88,1.12,-0.88,1.12,0.12,-0.88,-0.88,3.10803631151457,3.03350215002389,3.10803631151457,NA,NA,3.08319159101768
"SL06GR",4,2,4,4,3,2,4,3,2,3,2,4,4,4,4,4,1,2,3,3,4,4,4,3,2,3,"CM",4,2,4,4,3,2,4,3,2,3,2,4,NA,4,4,4,1,2,3,3,4,4,4,3,2,3,"CM","C","M","","",3.12,0.88,-1.12,0.88,0.88,-0.12,-1.12,0.88,-0.12,-1.12,-0.12,-1.12,0.88,0.88,0.88,0.88,0.88,-2.12,-1.12,-0.12,-0.12,0.88,0.88,0.88,-0.12,-1.12,-0.12,4.18878165312948,3.03350215002389,NA,NA,NA,3.61114190157668
"JD08AD",5,1,1,3,4,4,4,4,1,3,1,1,4,4,4,4,1,5,3,3,1,1,1,1,1,1,"A R",5,1,1,3,4,4,4,4,1,3,1,1,4,4,4,4,1,NA,3,3,1,1,1,1,1,1,"AR","A","R","","",2.44,2.56,-1.44,-1.44,0.56,1.56,1.56,1.56,1.56,-1.44,0.56,-1.44,-1.44,1.56,1.56,1.56,1.56,-1.44,2.56,0.56,0.56,-1.44,-1.44,-1.44,-1.44,-1.44,-1.44,4.13288103201147,5.1949928332537,NA,NA,NA,4.66393693263258
"SN07SR",4,2,3,2,2,2,2,2,2,2,2,2,3,2,2,2,1,1,4,3,2,2,1,1,1,2,"SMK",4,2,3,2,2,2,2,2,2,2,NA,2,3,2,2,2,1,1,4,3,2,2,1,1,1,2,"SMK","S","M","K","",2.08,1.92,-0.0800000000000001,0.92,-0.0800000000000001,-0.0800000000000001,-0.0800000000000001,-0.0800000000000001,-0.0800000000000001,-0.0800000000000001,-0.0800000000000001,-0.0800000000000001,-0.0800000000000001,0.92,-0.0800000000000001,-0.0800000000000001,-0.0800000000000001,-1.08,-1.08,1.92,0.92,-0.0800000000000001,-0.0800000000000001,-1.08,-1.08,-1.08,-0.0800000000000001,3.24468227424749,2.03350215002389,2.1142474916388,NA,NA,2.46414397197006
"SS12GA",5,1,1,1,5,1,1,1,1,4,1,1,1,1,4,1,1,1,5,1,1,1,1,1,1,1,"ACS",5,1,1,1,5,1,1,1,1,4,1,1,1,1,4,1,1,1,NA,1,1,1,1,1,1,1,"ACS","A","C","S","",1.56,3.44,-0.56,-0.56,-0.56,3.44,-0.56,-0.56,-0.56,-0.56,2.44,-0.56,-0.56,-0.56,-0.56,2.44,-0.56,-0.56,-0.56,3.44,-0.56,-0.56,-0.56,-0.56,-0.56,-0.56,-0.56,4.13288103201147,1.18878165312948,4.24468227424749,NA,NA,3.18878165312948
"OG01SR",5,4,4,3,4,2,2,2,3,4,5,5,5,4,4,1,1,5,3,2,3,3,2,1,1,1,"LK",5,4,4,3,4,2,2,2,3,4,NA,5,5,4,4,1,1,5,3,2,3,3,2,1,1,1,"LK","L","K","","",2.96,2.04,1.04,1.04,0.04,1.04,-0.96,-0.96,-0.96,0.04,1.04,2.04,2.04,2.04,1.04,1.04,-1.96,-1.96,2.04,0.04,-0.96,0.04,0.04,-0.96,-1.96,-1.96,-1.96,4.73536550406116,5.1142474916388,NA,NA,NA,4.92480649784998
"MR01DM",5,4,5,3,3,1,1,1,1,1,3,4,5,3,3,3,1,1,5,1,1,3,1,1,1,4,"C.M.P. ",5,4,5,3,3,1,1,1,1,1,3,4,5,3,3,NA,1,1,5,1,1,3,1,1,1,4,"CMP","C","M","P","",2.48,2.52,1.52,2.52,0.52,0.52,-1.48,-1.48,-1.48,-1.48,-1.48,0.52,1.52,2.52,0.52,0.52,0.52,-1.48,-1.48,2.52,-1.48,-1.48,0.52,-1.48,-1.48,-1.48,1.52,5.18878165312948,4.03350215002389,3.10803631151457,NA,NA,4.11010670488931
"AJ11OA",3,4,2,2,1,1,3,4,2,1,1,4,2,2,4,4,3,4,2,4,2,2,2,4,1,2,"L.S.",3,4,2,2,1,1,3,4,2,1,1,4,2,2,4,4,3,4,NA,4,2,2,2,4,1,2,"LS","L","S","","",2.56,0.44,1.44,-0.56,-0.56,-1.56,-1.56,0.44,1.44,-0.56,-1.56,-1.56,1.44,-0.56,-0.56,1.44,1.44,0.44,1.44,-0.56,1.44,-0.56,-0.56,-0.56,1.44,-1.56,-0.56,3.73536550406116,1.24468227424749,NA,NA,NA,2.49002388915432
"MR06WL",5,2,5,2,1,2,3,1,1,1,5,1,3,1,1,1,4,1,3,1,1,1,2,1,1,2,"SACF",5,2,5,2,1,NA,3,1,1,1,5,1,3,1,1,1,4,1,3,1,1,1,2,1,1,2,"SACF","S","A","C","F",2,3,0,3,0,-1,0,1,-1,-1,-1,3,-1,1,-1,-1,-1,2,-1,1,-1,-1,-1,0,-1,-1,0,2.24468227424749,4.13288103201147,5.18878165312948,2.39996177735308,NA,3.49157668418538
"TN10PS",4,4,3,2,1,1,5,2,5,5,5,4,4,4,5,3,1,1,4,2,2,2,5,5,1,4,"JB",4,NA,3,2,1,1,5,2,5,5,5,4,4,4,5,3,1,1,4,2,2,2,5,5,1,4,"JB","J","B","","",3.2,0.8,0.8,-0.2,-1.2,-2.2,-2.2,1.8,-1.2,1.8,1.8,1.8,0.8,0.8,0.8,1.8,-0.2,-2.2,-2.2,0.8,-1.2,-1.2,-1.2,1.8,1.8,-2.2,0.8,4.99623506927855,3.73536550406116,NA,NA,NA,4.36580028666985
"SM02RU",2,5,4,5,2,1,4,2,4,5,1,2,5,3,5,4,3,2,5,2,4,2,4,1,1,5,"LSO",2,5,4,5,2,1,4,2,4,5,1,2,5,3,NA,4,3,2,5,2,4,2,4,1,1,5,"LSO","L","S","O","",3.12,-1.12,1.88,0.88,1.88,-1.12,-2.12,0.88,-1.12,0.88,1.88,-2.12,-1.12,1.88,-0.12,1.88,0.88,-0.12,-1.12,1.88,-1.12,0.88,-1.12,0.88,-2.12,-2.12,1.88,1.73536550406116,4.24468227424749,4.7477878643096,NA,NA,3.57594521420608
"FA07OA",5,3,2,4,4,4,5,3,2,2,2,3,4,3,4,0,4,4,4,2,2,3,4,3,2,3,"AKR",5,3,2,4,4,4,5,3,2,2,2,3,4,3,4,0,4,NA,4,2,2,3,4,3,2,3,"AKR","A","K","R","",3.08,1.92,-0.0800000000000001,-1.08,0.92,0.92,0.92,1.92,-0.0800000000000001,-1.08,-1.08,-1.08,-0.0800000000000001,0.92,-0.0800000000000001,0.92,-3.08,0.92,0.92,0.92,-1.08,-1.08,-0.0800000000000001,0.92,-0.0800000000000001,-1.08,-0.0800000000000001,4.13288103201147,2.1142474916388,4.1949928332537,NA,NA,3.48070711896799
"NN01SS",4,3,5,3,3,3,3,3,3,3,4,4,3,3,3,3,3,4,3,3,3,4,3,3,3,3,"EW",4,3,5,3,3,3,3,3,3,3,4,4,3,3,3,3,3,4,3,3,3,4,NA,3,3,3,"EW","E","W","","",3.28,0.72,-0.28,1.72,-0.28,-0.28,-0.28,-0.28,-0.28,-0.28,-0.28,0.72,0.72,-0.28,-0.28,-0.28,-0.28,-0.28,0.72,-0.28,-0.28,-0.28,0.72,-0.28,-0.28,-0.28,-0.28,2.77884376493072,3.18878165312948,NA,NA,NA,2.9838127090301
"GB10TO",4,4,4,4,2,2,4,4,4,4,3,2,2,2,4,4,4,3,2,4,4,3,2,3,3,3,"MJM",4,4,4,4,2,2,4,4,4,4,3,2,NA,2,4,4,4,3,2,4,4,3,2,3,3,3,"MJM","M","J","M","",3.28,0.72,0.72,0.72,0.72,-1.28,-1.28,0.72,0.72,0.72,0.72,-0.28,-1.28,-1.28,-1.28,0.72,0.72,0.72,-0.28,-1.28,0.72,0.72,-0.28,-1.28,-0.28,-0.28,-0.28,1.03350215002389,3.99623506927855,1.03350215002389,NA,NA,2.02107978977544
"NT09TO",5,5,4,5,4,4,5,4,5,5,3,4,4,4,5,4,3,3,4,3,4,3,3,4,3,4,"A.J.P.",5,5,4,5,4,4,5,4,5,5,3,4,4,4,5,NA,3,3,4,3,4,3,3,4,3,4,"AJP","A","J","P","",4,1,1,0,1,0,0,1,0,1,1,-1,0,0,0,1,0,-1,-1,0,-1,0,-1,-1,0,-1,0,4.13288103201147,4.99623506927855,4.10803631151457,NA,NA,4.41238413760153
"DR11KA",4,4,3,3,3,3,3,4,3,3,3,4,4,3,3,2,4,2,3,2,4,3,3,3,2,2,"LDD",4,4,3,NA,3,3,3,4,3,3,3,4,4,3,3,2,4,2,3,2,4,3,3,3,2,2,"LDD","L","D","D","",3.08,0.92,0.92,-0.0800000000000001,-0.0800000000000001,-0.0800000000000001,-0.0800000000000001,-0.0800000000000001,0.92,-0.0800000000000001,-0.0800000000000001,-0.0800000000000001,0.92,0.92,-0.0800000000000001,-0.0800000000000001,-1.08,0.92,-1.08,-0.0800000000000001,-1.08,0.92,-0.0800000000000001,-0.0800000000000001,-0.0800000000000001,-1.08,-1.08,3.73536550406116,2.79126612517917,2.79126612517917,NA,NA,3.10596591813983
"HI09HR",4,4,2,4,3,3,4,4,4,1,2,2,4,3,2,5,2,3,4,3,3,2,3,2,1,1,"PAG",4,4,2,4,3,3,NA,4,4,1,2,2,4,3,2,5,2,3,4,3,3,2,3,2,1,1,"PAG","P","A","G","",2.84,1.16,1.16,-0.84,1.16,0.16,0.16,1.16,1.16,1.16,-1.84,-0.84,-0.84,1.16,0.16,-0.84,2.16,-0.84,0.16,1.16,0.16,0.16,-0.84,0.16,-0.84,-1.84,-1.84,5.10803631151457,3.13288103201147,4.01486860965122,NA,NA,4.08526198439242
"FA12CR",4,3,3,2,3,2,3,2,2,1,3,3,4,2,2,2,4,3,4,3,4,4,4,4,4,4,"C.L.E.",4,3,3,2,NA,2,3,2,2,1,3,3,4,2,2,2,4,3,4,3,4,4,4,4,4,4,"CLE","C","L","E","",3.04,0.96,-0.04,-0.04,-1.04,-0.04,-1.04,-0.04,-1.04,-1.04,-2.04,-0.04,-0.04,0.96,-1.04,-1.04,-1.04,0.96,-0.04,0.96,-0.04,0.96,0.96,0.96,0.96,0.96,0.96,3.18878165312948,2.73536550406116,2.77884376493072,NA,NA,2.90099697404045
"SS12DR",4,3,4,2,4,3,3,3,2,2,3,4,5,4,4,2,2,4,3,5,3,3,3,4,2,4,"TS",4,3,4,2,4,3,3,3,2,2,3,4,5,4,4,2,2,4,NA,5,3,3,3,4,2,4,"TS","T","S","","",3.28,0.72,-0.28,0.72,-1.28,0.72,-0.28,-0.28,-0.28,-1.28,-1.28,-0.28,0.72,1.72,0.72,0.72,-1.28,-1.28,0.72,-0.28,1.72,-0.28,-0.28,-0.28,0.72,-1.28,0.72,5.13909221213569,2.24468227424749,NA,NA,NA,3.69188724319159
"CR10TO",4,3,2,3,4,2,3,4,5,4,2,4,3,4,3,2,1,2,4,4,5,4,2,3,5,2,"STDS",4,3,2,3,4,2,3,4,5,4,2,4,3,4,3,2,1,2,NA,4,5,4,2,3,5,2,"STDS","S","T","D","S",3.2,0.8,-0.2,-1.2,-0.2,0.8,-1.2,-0.2,0.8,1.8,0.8,-1.2,0.8,-0.2,0.8,-0.2,-1.2,-2.2,-1.2,0.8,0.8,1.8,0.8,-1.2,-0.2,1.8,-1.2,3.24468227424749,4.13909221213569,2.79126612517917,3.24468227424749,NA,3.35493072145246
"LD11VK",5,4,4,5,4,4,3,5,2,2,3,5,4,5,3,3,1,4,4,4,1,1,4,2,1,2,"NW",5,4,4,5,4,4,3,5,2,2,3,5,4,5,3,3,1,4,4,4,1,1,NA,2,1,2,"NW","N","W","","",3.24,1.76,0.76,0.76,1.76,0.76,0.76,-0.24,1.76,-1.24,-1.24,-0.24,1.76,0.76,1.76,-0.24,-0.24,-2.24,0.76,0.76,0.76,-2.24,-2.24,0.76,-1.24,-2.24,-1.24,4.69809842331581,4.18878165312948,NA,NA,NA,4.44344003822265
"KR01DS",4,2,4,3,3,2,2,3,3,3,2,3,4,4,4,3,3,2,3,3,4,4,4,4,2,2,"J.S.K",4,2,4,3,3,2,2,3,3,3,NA,3,4,4,4,3,3,2,3,3,4,4,4,4,2,2,"JSK","J","S","K","",3.12,0.88,-1.12,0.88,-0.12,-0.12,-1.12,-1.12,-0.12,-0.12,-0.12,-1.12,-0.12,0.88,0.88,0.88,-0.12,-0.12,-1.12,-0.12,-0.12,0.88,0.88,0.88,0.88,-1.12,-1.12,2.99623506927855,2.24468227424749,2.1142474916388,NA,NA,2.45172161172161
"KR09AE",5,2,4,3,5,4,3,4,4,3,2,4,5,5,3,3,3,0,2,4,3,5,3,2,4,4,"AM",5,2,4,3,5,4,3,4,4,3,2,4,NA,5,3,3,3,0,2,4,3,5,3,2,4,4,"AM","A","M","","",3.36,1.64,-1.36,0.64,-0.36,1.64,0.64,-0.36,0.64,0.64,-0.36,-1.36,0.64,1.64,1.64,-0.36,-0.36,-0.36,-3.36,-1.36,0.64,-0.36,1.64,-0.36,-1.36,0.64,0.64,4.13288103201147,4.03350215002389,NA,NA,NA,4.08319159101768
"SL09MC",5,3,3,3,3,3,3,5,5,3,3,3,5,3,5,3,3,3,3,5,5,5,5,5,5,3,"ND",5,3,3,NA,3,3,3,5,5,3,3,3,5,3,5,3,3,3,3,5,5,5,5,5,5,3,"ND","N","D","","",3.88,1.12,-0.88,-0.88,-0.88,-0.88,-0.88,-0.88,1.12,1.12,-0.88,-0.88,-0.88,1.12,-0.88,1.12,-0.88,-0.88,-0.88,-0.88,1.12,1.12,1.12,1.12,1.12,1.12,-0.88,2.69809842331581,2.79126612517917,NA,NA,NA,2.74468227424749
"BT09VL",5,5,2,2,5,1,1,4,4,2,1,4,5,3,3,2,1,1,1,1,1,1,3,2,2,1,"EL",5,5,2,2,5,1,1,4,4,2,1,NA,5,3,3,2,1,1,1,1,1,1,3,2,2,1,"EL","E","L","","",2.36,2.64,2.64,-0.36,-0.36,2.64,-1.36,-1.36,1.64,1.64,-0.36,-1.36,1.64,2.64,0.64,0.64,-0.36,-1.36,-1.36,-1.36,-1.36,-1.36,-1.36,0.64,-0.36,-0.36,-1.36,4.77884376493072,3.73536550406116,NA,NA,NA,4.25710463449594
"SM01MR",5,2,4,2,3,4,1,4,3,5,4,5,5,5,2,3,3,3,4,4,2,3,1,3,2,4,"JLF",5,2,4,2,3,NA,1,4,3,5,4,5,5,5,2,3,3,3,4,4,2,3,1,3,2,4,"JLF","J","L","F","",3.28,1.72,-1.28,0.72,-1.28,-0.28,0.72,-2.28,0.72,-0.28,1.72,0.72,1.72,1.72,1.72,-1.28,-0.28,-0.28,-0.28,0.72,0.72,-1.28,-0.28,-2.28,-0.28,-1.28,0.72,4.99623506927855,4.73536550406116,4.39996177735308,NA,NA,4.71052078356426
"DR07EA",4,4,2,4,2,3,4,5,3,4,2,4,5,3,5,4,1,4,5,4,5,3,4,5,5,4,"DG",4,4,2,4,2,3,NA,5,3,4,2,4,5,3,5,4,1,4,5,4,5,3,4,5,5,4,"DG","D","G","","",3.76,0.24,0.24,-1.76,0.24,-1.76,-0.76,0.24,1.24,-0.76,0.24,-1.76,0.24,1.24,-0.76,1.24,0.24,-2.76,0.24,1.24,0.24,1.24,-0.76,0.24,1.24,1.24,0.24,3.79126612517917,4.01486860965122,NA,NA,NA,3.90306736741519
"BT02IG",5,5,3,5,4,3,4,3,2,3,1,5,5,5,3,4,1,2,4,3,4,5,5,5,5,3,"J.N.S.",5,5,3,5,4,3,4,3,2,3,1,5,5,5,3,4,1,2,NA,3,4,5,5,5,5,3,"JNS","J","N","S","",3.72,1.28,1.28,-0.72,1.28,0.28,-0.72,0.28,-0.72,-1.72,-0.72,-2.72,1.28,1.28,1.28,-0.72,0.28,-2.72,-1.72,0.28,-0.72,0.28,1.28,1.28,1.28,1.28,-0.72,2.99623506927855,4.69809842331581,3.24468227424749,NA,NA,3.64633858894728
"GB06JH",5,4,3,5,4,4,4,4,4,5,5,4,5,5,4,4,3,4,4,3,3,2,2,2,2,2,"DKK",5,4,3,5,4,4,4,4,4,5,NA,4,5,5,4,4,3,4,4,3,3,2,2,2,2,2,"DKK","D","K","K","",3.64,1.36,0.36,-0.64,1.36,0.36,0.36,0.36,0.36,0.36,1.36,1.36,0.36,1.36,1.36,0.36,0.36,-0.64,0.36,0.36,-0.64,-0.64,-1.64,-1.64,-1.64,-1.64,-1.64,4.79126612517917,5.1142474916388,5.1142474916388,NA,NA,5.00658703615225
"AN01TO",4,2,4,3,4,2,2,1,1,5,3,5,5,2,2,2,2,2,5,4,1,3,1,3,2,1,"LMK",4,2,4,3,4,2,2,1,1,5,NA,5,5,2,2,2,2,2,5,4,1,3,1,3,2,1,"LMK","L","M","K","",2.72,1.28,-0.72,1.28,0.28,1.28,-0.72,-0.72,-1.72,-1.72,2.28,0.28,2.28,2.28,-0.72,-0.72,-0.72,-0.72,-0.72,2.28,1.28,-1.72,0.28,-1.72,0.28,-0.72,-1.72,4.73536550406116,4.03350215002389,3.1142474916388,NA,NA,3.96103838190795
"AE08TO",5,2,1,1,5,2,4,4,5,5,2,5,4,5,5,2,4,2,5,5,5,5,5,5,4,2,"J.L.",5,2,1,1,5,2,4,4,5,5,2,NA,4,5,5,2,4,2,5,5,5,5,5,5,4,2,"JL","J","L","","",3.76,1.24,-1.76,-2.76,-2.76,1.24,-1.76,0.24,0.24,1.24,1.24,-1.76,1.24,0.24,1.24,1.24,-1.76,0.24,-1.76,1.24,1.24,1.24,1.24,1.24,1.24,0.24,-1.76,4.99623506927855,4.73536550406116,NA,NA,NA,4.86580028666985
"SE06HL",4,3,3,3,2,2,4,2,2,4,4,3,3,3,4,2,4,2,4,3,4,4,2,4,2,3,"TJ",4,3,3,3,2,2,4,2,2,NA,4,3,3,3,4,2,4,2,4,3,4,4,2,4,2,3,"TJ","T","J","","",3.04,0.96,-0.04,-0.04,-0.04,-1.04,-1.04,0.96,-1.04,-1.04,0.96,0.96,-0.04,-0.04,-0.04,0.96,-1.04,0.96,-1.04,0.96,-0.04,0.96,0.96,-1.04,0.96,-1.04,-0.04,3.13909221213569,3.99623506927855,NA,NA,NA,3.56766364070712
"UE06UR",5,3,2,4,3,3,2,5,4,3,5,5,5,4,2,4,1,3,5,3,2,1,1,3,3,2,"PS",5,3,2,4,3,3,2,5,4,3,5,5,5,4,2,4,1,3,NA,3,2,1,1,3,3,2,"PS","P","S","","",3.12,1.88,-0.12,-1.12,0.88,-0.12,-0.12,-1.12,1.88,0.88,-0.12,1.88,1.88,1.88,0.88,-1.12,0.88,-2.12,-0.12,1.88,-0.12,-1.12,-2.12,-2.12,-0.12,-0.12,-1.12,4.10803631151457,4.24468227424749,NA,NA,NA,4.17635929288103
"CA06FI",5,4,5,4,5,5,5,5,4,3,3,4,5,5,5,5,4,4,5,5,5,5,5,5,5,5,"GLH",5,4,5,4,5,5,5,NA,4,3,3,4,5,5,5,5,4,4,5,5,5,5,5,5,5,5,"GLH","G","L","H","",4.6,0.4,-0.6,0.4,-0.6,0.4,0.4,0.4,0.4,-0.6,-1.6,-1.6,-0.6,0.4,0.4,0.4,0.4,-0.6,-0.6,0.4,0.4,0.4,0.4,0.4,0.4,0.4,0.4,5.01486860965122,3.73536550406116,5.05213569039656,NA,NA,4.60078993470298
"AN10JR",4,4,2,5,2,2,4,3,2,1,2,2,2,2,2,4,3,2,3,2,4,3,2,5,1,5,"N.D.",4,4,2,NA,2,2,4,3,2,1,2,2,2,2,2,4,3,2,3,2,4,3,2,5,1,5,"ND","N","D","","",2.72,1.28,1.28,-0.72,2.28,-0.72,-0.72,1.28,0.28,-0.72,-1.72,-0.72,-0.72,-0.72,-0.72,-0.72,1.28,0.28,-0.72,0.28,-0.72,1.28,0.28,-0.72,2.28,-1.72,2.28,1.69809842331581,4.79126612517917,NA,NA,NA,3.24468227424749
"MC11DT",3,5,2,3,4,3,4,5,5,2,5,1,3,3,5,4,1,2,5,3,4,4,5,2,4,4,"SB",3,NA,2,3,4,3,4,5,5,2,5,1,3,3,5,4,1,2,5,3,4,4,5,2,4,4,"SB","S","B","","",3.44,-0.44,1.56,-1.44,-0.44,0.56,-0.44,0.56,1.56,1.56,-1.44,1.56,-2.44,-0.44,-0.44,1.56,0.56,-2.44,-1.44,1.56,-0.44,0.56,0.56,1.56,-1.44,0.56,0.56,4.24468227424749,4.73536550406116,NA,NA,NA,4.49002388915432
"UA12TO",3,4,2,3,5,5,2,4,1,1,4,3,5,5,3,2,2,2,3,3,1,1,4,2,1,4,"K.K.K.",3,4,2,3,5,5,2,4,1,1,NA,3,5,5,3,2,2,2,3,3,1,1,4,2,1,4,"KKK","K","K","K","",2.84,0.16,1.16,-0.84,0.16,2.16,2.16,-0.84,1.16,-1.84,-1.84,1.16,0.16,2.16,2.16,0.16,-0.84,-0.84,-0.84,0.16,0.16,-1.84,-1.84,1.16,-0.84,-1.84,1.16,4.1142474916388,4.1142474916388,4.1142474916388,NA,NA,4.1142474916388
"II08ER",3,4,2,3,2,2,4,4,1,5,4,0,2,2,3,4,5,4,5,1,2,3,4,5,4,4,"JB",3,NA,2,3,2,2,4,4,1,5,4,0,2,2,3,4,5,4,5,1,2,3,4,5,4,4,"JB","J","B","","",3.12,-0.12,0.88,-1.12,-0.12,-1.12,-1.12,0.88,0.88,-2.12,1.88,0.88,-3.12,-1.12,-1.12,-0.12,0.88,1.88,0.88,1.88,-2.12,-1.12,-0.12,0.88,1.88,0.88,0.88,4.99623506927855,3.73536550406116,NA,NA,NA,4.36580028666985
"DR10AD",4,2,3,2,3,3,2,4,4,4,4,2,4,4,4,3,1,2,2,2,4,4,4,3,2,2,"JJ",4,2,3,2,3,3,2,4,4,NA,4,2,4,4,4,3,1,2,2,2,4,4,4,3,2,2,"JJ","J","J","","",2.96,1.04,-0.96,0.04,-0.96,0.04,0.04,-0.96,1.04,1.04,1.04,1.04,-0.96,1.04,1.04,1.04,0.04,-1.96,-0.96,-0.96,-0.96,1.04,1.04,1.04,0.04,-0.96,-0.96,3.99623506927855,3.99623506927855,NA,NA,NA,3.99623506927855
"DN01SE",5,2,3,4,4,3,5,5,3,4,3,4,4,3,5,4,2,4,5,4,4,3,5,5,5,5,"JPP",5,2,3,4,4,3,5,5,3,4,3,4,4,3,5,NA,2,4,5,4,4,3,5,5,5,5,"JPP","J","P","P","",3.96,1.04,-1.96,-0.96,0.04,0.04,-0.96,1.04,1.04,-0.96,0.04,-0.96,0.04,0.04,-0.96,1.04,0.04,-1.96,0.04,1.04,0.04,0.04,-0.96,1.04,1.04,1.04,1.04,3.99623506927855,4.10803631151457,4.10803631151457,NA,NA,4.07076923076923
"BT08RL",3,2,2,2,2,2,2,3,2,4,2,5,2,3,3,4,1,1,5,2,2,1,1,4,1,1,"SW",3,2,2,2,2,2,2,3,2,4,2,5,2,3,3,4,1,1,5,2,2,1,NA,4,1,1,"SW","S","W","","",2.44,0.56,-0.44,-0.44,-0.44,-0.44,-0.44,-0.44,0.56,-0.44,1.56,-0.44,2.56,-0.44,0.56,0.56,1.56,-1.44,-1.44,2.56,-0.44,-0.44,-1.44,-1.44,1.56,-1.44,-1.44,4.24468227424749,1.18878165312948,NA,NA,NA,2.71673196368849
"AD09HL",5,2,3,2,1,1,1,3,2,2,2,4,5,3,3,3,1,2,4,3,4,3,2,4,1,1,"L. M. H. ",5,2,3,2,1,1,1,NA,2,2,2,4,5,3,3,3,1,2,4,3,4,3,2,4,1,1,"LMH","L","M","H","",2.56,2.44,-0.56,0.44,-0.56,-1.56,-1.56,-1.56,0.44,-0.56,-0.56,-0.56,1.44,2.44,0.44,0.44,0.44,-1.56,-0.56,1.44,0.44,1.44,0.44,-0.56,1.44,-1.56,-1.56,3.73536550406116,4.03350215002389,3.05213569039656,NA,NA,3.6070011148272
"AN02DE",3,2,3,3,2,4,3,2,2,4,3,4,4,2,3,3,2,3,4,3,3,4,3,3,2,2,"SJ",3,2,3,3,2,4,3,2,2,NA,3,4,4,2,3,3,2,3,4,3,3,4,3,3,2,2,"SJ","S","J","","",2.88,0.12,-0.88,0.12,0.12,-0.88,1.12,0.12,-0.88,-0.88,1.12,0.12,1.12,1.12,-0.88,0.12,0.12,-0.88,0.12,1.12,0.12,0.12,1.12,0.12,0.12,-0.88,-0.88,3.24468227424749,3.99623506927855,NA,NA,NA,3.62045867176302
"EA03AE",4,0,3,4,3,3,5,4,2,5,4,2,5,4,2,4,4,5,4,5,3,3,4,2,4,3,"JMT",4,0,3,4,3,3,5,4,2,5,4,2,5,4,2,4,4,5,4,NA,3,3,4,2,4,3,"JMT","J","M","T","",3.44,0.56,-3.44,-0.44,0.56,-0.44,-0.44,1.56,0.56,-1.44,1.56,0.56,-1.44,1.56,0.56,-1.44,0.56,0.56,1.56,0.56,1.56,-0.44,-0.44,0.56,-1.44,0.56,-0.44,4.99623506927855,4.03350215002389,5.13909221213569,NA,NA,4.72294314381271
"IG07RL",3,2,1,3,4,3,3,5,5,3,2,3,5,5,5,1,1,3,4,4,4,3,3,2,1,4,"-99",3,2,1,3,4,3,3,5,5,3,2,3,5,5,5,1,1,3,4,4,4,3,3,2,1,4,"","","","","",3.15384615384615,-0.153846153846154,-1.15384615384615,-2.15384615384615,-0.153846153846154,0.846153846153846,-0.153846153846154,-0.153846153846154,1.84615384615385,1.84615384615385,-0.153846153846154,-1.15384615384615,-0.153846153846154,1.84615384615385,1.84615384615385,1.84615384615385,-2.15384615384615,-2.15384615384615,-0.153846153846154,0.846153846153846,0.846153846153846,0.846153846153846,-0.153846153846154,-0.153846153846154,-1.15384615384615,-2.15384615384615,0.846153846153846,NA,NA,NA,NA,NA,NA
"BO08FA",5,4,4,3,5,5,5,3,3,2,4,3,3,3,5,3,5,5,5,3,3,3,5,5,5,5,"M D",5,4,4,NA,5,5,5,3,3,2,4,3,3,3,5,3,5,5,5,3,3,3,5,5,5,5,"MD","M","D","","",4.04,0.96,-0.04,-0.04,-1.04,0.96,0.96,0.96,-1.04,-1.04,-2.04,-0.04,-1.04,-1.04,-1.04,0.96,-1.04,0.96,0.96,0.96,-1.04,-1.04,-1.04,0.96,0.96,0.96,0.96,2.03350215002389,2.79126612517917,NA,NA,NA,2.41238413760153
"EI06AE",3,4,4,2,4,5,3,0,1,1,4,3,4,4,3,2,3,4,5,4,3,2,2,1,1,1,"SR",3,4,4,2,4,5,3,0,1,1,4,3,4,4,3,2,3,NA,5,4,3,2,2,1,1,1,"SR","S","R","","",2.76,0.24,1.24,1.24,-0.76,1.24,2.24,0.24,-2.76,-1.76,-1.76,1.24,0.24,1.24,1.24,0.24,-0.76,0.24,1.24,2.24,1.24,0.24,-0.76,-0.76,-1.76,-1.76,-1.76,4.24468227424749,4.1949928332537,NA,NA,NA,4.2198375537506
"SE01EI",5,4,1,1,4,1,1,2,4,3,3,5,5,4,3,4,4,5,5,1,4,4,4,4,4,4,"LB",5,NA,1,1,4,1,1,2,4,3,3,5,5,4,3,4,4,5,5,1,4,4,4,4,4,4,"LB","L","B","","",3.4,1.6,0.6,-2.4,-2.4,0.6,-2.4,-2.4,-1.4,0.6,-0.4,-0.4,1.6,1.6,0.6,-0.4,0.6,0.6,1.6,1.6,-2.4,0.6,0.6,0.6,0.6,0.6,0.6,4.73536550406116,3.73536550406116,NA,NA,NA,4.23536550406116
"SF06IM",5,5,5,5,3,3,4,4,2,2,2,2,5,3,3,2,1,3,4,1,3,1,1,1,1,1,"MG",5,5,5,5,3,3,NA,4,2,2,2,2,5,3,3,2,1,3,4,1,3,1,1,1,1,1,"MG","M","G","","",2.72,2.28,2.28,2.28,2.28,0.28,0.28,1.28,1.28,-0.72,-0.72,-0.72,-0.72,2.28,0.28,0.28,-0.72,-1.72,0.28,1.28,-1.72,0.28,-1.72,-1.72,-1.72,-1.72,-1.72,4.03350215002389,4.01486860965122,NA,NA,NA,4.02418537983755
"DR02RL",3,2,3,4,4,3,4,4,4,4,4,4,3,1,3,2,2,3,4,4,4,4,2,3,2,2,"KLR",3,2,3,4,4,3,4,4,4,4,4,4,3,1,3,2,2,NA,4,4,4,4,2,3,2,2,"KLR","K","L","R","",3.16,-0.16,-1.16,-0.16,0.84,0.84,-0.16,0.84,0.84,0.84,0.84,0.84,0.84,-0.16,-2.16,-0.16,-1.16,-1.16,-0.16,0.84,0.84,0.84,0.84,-1.16,-0.16,-1.16,-1.16,4.1142474916388,3.73536550406116,3.1949928332537,NA,NA,3.68153527631789
"UE05TO",2,4,3,4,4,2,3,4,2,2,4,4,5,5,2,2,4,2,4,2,2,2,2,4,5,5,"LMZ",2,4,3,4,4,2,3,4,2,2,4,4,5,5,2,2,4,2,4,2,2,2,2,4,5,NA,"LMZ","L","M","Z","",3.16,-1.16,0.84,-0.16,0.84,0.84,-1.16,-0.16,0.84,-1.16,-1.16,0.84,0.84,1.84,1.84,-1.16,-1.16,0.84,-1.16,0.84,-1.16,-1.16,-1.16,-1.16,0.84,1.84,1.84,3.73536550406116,4.03350215002389,5.03971333014811,NA,NA,4.26952699474439
"RZ12JN",5,2,1,5,2,4,1,1,4,3,5,2,5,1,1,5,5,5,5,2,1,1,1,1,1,1,"M.I.",5,2,1,5,2,4,1,1,NA,3,5,2,5,1,1,5,5,5,5,2,1,1,1,1,1,1,"MI","M","I","","",2.64,2.36,-0.64,-1.64,2.36,-0.64,1.36,-1.64,-1.64,1.36,0.36,2.36,-0.64,2.36,-1.64,-1.64,2.36,2.36,2.36,2.36,-0.64,-1.64,-1.64,-1.64,-1.64,-1.64,-1.64,4.03350215002389,4.26952699474439,NA,NA,NA,4.15151457238414
"AT04IA",4,4,3,3,3,3,3,3,0,4,5,3,3,4,3,4,3,4,3,5,4,0,3,4,5,3,"PM",4,4,3,3,3,3,3,3,0,4,5,3,NA,4,3,4,3,4,3,5,4,0,3,4,5,3,"PM","P","M","","",3.32,0.68,0.68,-0.32,-0.32,-0.32,-0.32,-0.32,-0.32,-3.32,0.68,1.68,-0.32,-0.32,0.68,-0.32,0.68,-0.32,0.68,-0.32,1.68,0.68,-3.32,-0.32,0.68,1.68,-0.32,4.10803631151457,2.03350215002389,NA,NA,NA,3.07076923076923
"SN02VL",2,3,4,4,4,3,2,2,2,2,2,4,5,2,3,2,2,2,4,3,2,1,2,3,3,2,"LIJ",2,3,4,4,4,3,2,2,2,NA,2,4,5,2,3,2,2,2,4,3,2,1,2,3,3,2,"LIJ","L","I","J","",2.72,-0.72,0.28,1.28,1.28,1.28,0.28,-0.72,-0.72,-0.72,-0.72,-0.72,1.28,2.28,-0.72,0.28,-0.72,-0.72,-0.72,1.28,0.28,-0.72,-1.72,-0.72,0.28,0.28,-0.72,3.73536550406116,2.26952699474439,1.99623506927855,NA,NA,2.6670425226947
"LN07AD",4,2,3,2,3,2,5,3,2,5,4,1,5,3,5,3,5,2,4,2,4,3,5,4,5,3,"MR",4,2,3,2,3,2,5,3,2,5,4,1,5,3,5,3,5,NA,4,2,4,3,5,4,5,3,"MR","M","R","","",3.48,0.52,-1.48,-0.48,-1.48,-0.48,-1.48,1.52,-0.48,-1.48,1.52,0.52,-2.48,1.52,-0.48,1.52,-0.48,1.52,-1.48,0.52,-1.48,0.52,-0.48,1.52,0.52,1.52,-0.48,4.03350215002389,2.1949928332537,NA,NA,NA,3.1142474916388
"FH01FO",5,2,4,2,2,1,2,3,4,5,2,4,3,3,3,2,2,2,3,1,2,4,2,2,3,3,"AB",5,NA,4,2,2,1,2,3,4,5,2,4,3,3,3,2,2,2,3,1,2,4,2,2,3,3,"AB","A","B","","",2.76,2.24,-0.76,1.24,-0.76,-0.76,-1.76,-0.76,0.24,1.24,2.24,-0.76,1.24,0.24,0.24,0.24,-0.76,-0.76,-0.76,0.24,-1.76,-0.76,1.24,-0.76,-0.76,0.24,0.24,4.13288103201147,1.73536550406116,NA,NA,NA,2.93412326803631
"AD09JN",4,3,2,2,4,4,2,2,3,4,1,1,3,3,4,3,1,0,5,1,2,1,2,1,1,2,"JS",4,3,2,2,4,4,2,2,3,4,1,1,3,3,4,3,1,0,NA,1,2,1,2,1,1,2,"JS","J","S","","",2.24,1.76,0.76,-0.24,-0.24,1.76,1.76,-0.24,-0.24,0.76,1.76,-1.24,-1.24,0.76,0.76,1.76,0.76,-1.24,-2.24,2.76,-1.24,-0.24,-1.24,-0.24,-1.24,-1.24,-0.24,3.99623506927855,4.24468227424749,NA,NA,NA,4.12045867176302
"KT12SE",3,2,2,4,4,4,4,3,3,4,4,3,4,4,3,2,3,2,4,3,4,3,3,2,4,4,"JB",3,NA,2,4,4,4,4,3,3,4,4,3,4,4,3,2,3,2,4,3,4,3,3,2,4,4,"JB","J","B","","",3.32,-0.32,-1.32,-1.32,0.68,0.68,0.68,0.68,-0.32,-0.32,0.68,0.68,-0.32,0.68,0.68,-0.32,-1.32,-0.32,-1.32,0.68,-0.32,0.68,-0.32,-0.32,-1.32,0.68,0.68,3.99623506927855,1.73536550406116,NA,NA,NA,2.86580028666985
"ML07SE",5,1,2,3,3,2,4,5,2,2,5,2,5,4,4,3,2,4,4,2,4,4,5,4,2,1,"LA",NA,1,2,3,3,2,4,5,2,2,5,2,5,4,4,3,2,4,4,2,4,4,5,4,2,1,"LA","L","A","","",3.16,1.84,-2.16,-1.16,-0.16,-0.16,-1.16,0.84,1.84,-1.16,-1.16,1.84,-1.16,1.84,0.84,0.84,-0.16,-1.16,0.84,0.84,-1.16,0.84,0.84,1.84,0.84,-1.16,-2.16,1.73536550406116,4.13288103201147,NA,NA,NA,2.93412326803631
"AG12SE",5,2,3,5,5,5,5,3,2,2,5,4,5,4,2,2,2,2,2,2,2,2,5,4,5,4,"FMF",5,2,3,5,5,NA,5,3,2,2,5,4,5,4,2,2,2,2,2,2,2,2,5,4,5,4,"FMF","F","M","F","",3.36,1.64,-1.36,-0.36,1.64,1.64,1.64,1.64,-0.36,-1.36,-1.36,1.64,0.64,1.64,0.64,-1.36,-1.36,-1.36,-1.36,-1.36,-1.36,-1.36,-1.36,1.64,0.64,1.64,0.64,5.39996177735308,4.03350215002389,5.39996177735308,NA,NA,4.94447523491002
"SE04TO",5,4,3,4,4,3,3,3,2,2,3,2,4,4,3,2,4,2,5,3,3,4,3,4,4,2,"AMA",NA,4,3,4,4,3,3,3,2,2,3,2,4,4,3,2,4,2,5,3,3,4,3,4,4,2,"AMA","A","M","A","",3.2,1.8,0.8,-0.2,0.8,0.8,-0.2,-0.2,-0.2,-1.2,-1.2,-0.2,-1.2,0.8,0.8,-0.2,-1.2,0.8,-1.2,1.8,-0.2,-0.2,0.8,-0.2,0.8,0.8,-1.2,4.13288103201147,3.03350215002389,4.13288103201147,NA,NA,3.76642140468227
"RF04PT",4,2,1,3,2,4,3,2,1,4,5,3,5,3,2,2,1,3,4,2,2,0,2,1,2,3,"AS",4,2,1,3,2,4,3,2,1,4,5,3,5,3,2,2,1,3,NA,2,2,0,2,1,2,3,"AS","A","S","","",2.48,1.52,-0.48,-1.48,0.52,-0.48,1.52,0.52,-0.48,-1.48,1.52,2.52,0.52,2.52,0.52,-0.48,-0.48,-1.48,0.52,1.52,-0.48,-0.48,-2.48,-0.48,-1.48,-0.48,0.52,3.13288103201147,3.24468227424749,NA,NA,NA,3.18878165312948
"SN01WL",4,2,3,4,4,1,1,1,2,1,3,5,4,5,5,4,1,2,5,2,1,2,2,1,1,4,"LA",NA,2,3,4,4,1,1,1,2,1,3,5,4,5,5,4,1,2,5,2,1,2,2,1,1,4,"LA","L","A","","",2.64,1.36,-0.64,0.36,1.36,1.36,-1.64,-1.64,-1.64,-0.64,-1.64,0.36,2.36,1.36,2.36,2.36,1.36,-1.64,-0.64,2.36,-0.64,-1.64,-0.64,-0.64,-1.64,-1.64,1.36,4.73536550406116,3.13288103201147,NA,NA,NA,3.93412326803631
"RT12RL",4,4,4,4,2,2,4,1,2,4,2,2,4,4,5,4,5,4,4,2,5,2,2,2,4,2,"A M M",4,4,4,4,2,2,4,1,2,4,2,2,NA,4,5,4,5,4,4,2,5,2,2,2,4,2,"AMM","A","M","M","",3.2,0.8,0.8,0.8,0.8,-1.2,-1.2,0.8,-2.2,-1.2,0.8,-1.2,-1.2,0.8,0.8,1.8,0.8,1.8,0.8,0.8,-1.2,1.8,-1.2,-1.2,-1.2,0.8,-1.2,3.13288103201147,3.03350215002389,3.03350215002389,NA,NA,3.06662844401975
"UR07RL",5,3,2,3,5,5,1,1,5,2,5,2,5,4,5,5,2,5,4,3,5,1,4,1,4,3,"E.C.O.",5,3,2,3,5,5,1,1,5,2,5,2,5,4,NA,5,2,5,4,3,5,1,4,1,4,3,"ECO","E","C","O","",3.4,1.6,-0.4,-1.4,-0.4,1.6,1.6,-2.4,-2.4,1.6,-1.4,1.6,-1.4,1.6,0.6,1.6,1.6,-1.4,1.6,0.6,-0.4,1.6,-2.4,0.6,-2.4,0.6,-0.4,4.77884376493072,2.18878165312948,4.7477878643096,NA,NA,3.90513776078993
"UR05RL",3,3,3,3,5,5,5,5,5,3,5,3,4,3,5,4,3,5,5,4,5,3,3,3,3,3,"K.F.O.",3,3,3,3,5,5,5,5,5,3,5,3,4,3,NA,4,3,5,5,4,5,3,3,3,3,3,"KFO","K","F","O","",3.84,-0.84,-0.84,-0.84,-0.84,1.16,1.16,1.16,1.16,1.16,-0.84,1.16,-0.84,0.16,-0.84,1.16,0.16,-0.84,1.16,1.16,0.16,1.16,-0.84,-0.84,-0.84,-0.84,-0.84,5.1142474916388,5.39996177735308,4.7477878643096,NA,NA,5.08733237776716
"HL03PT",4,4,3,3,2,2,1,5,4,3,3,5,5,3,4,5,1,3,4,2,3,1,5,2,1,1,"LW",4,4,3,3,2,2,1,5,4,3,3,5,5,3,4,5,1,3,4,2,3,1,NA,2,1,1,"LW","L","W","","",2.96,1.04,1.04,0.04,0.04,-0.96,-0.96,-1.96,2.04,1.04,0.04,0.04,2.04,2.04,0.04,1.04,2.04,-1.96,0.04,1.04,-0.96,0.04,-1.96,2.04,-0.96,-1.96,-1.96,4.73536550406116,5.18878165312948,NA,NA,NA,4.96207357859532
"AE03TO",4,4,2,2,3,2,2,4,2,2,2,4,5,2,2,1,1,2,4,2,2,3,2,4,4,4,"MR",4,4,2,2,3,2,2,4,2,2,2,4,5,2,2,1,1,NA,4,2,2,3,2,4,4,4,"MR","M","R","","",2.76,1.24,1.24,-0.76,-0.76,0.24,-0.76,-0.76,1.24,-0.76,-0.76,-0.76,1.24,2.24,-0.76,-0.76,-1.76,-1.76,-0.76,1.24,-0.76,-0.76,0.24,-0.76,1.24,1.24,1.24,4.03350215002389,2.1949928332537,NA,NA,NA,3.1142474916388
"SS09JH",2,4,4,4,3,3,2,3,2,3,1,3,2,3,1,3,1,2,4,4,3,2,2,1,1,3,"L L",2,4,4,4,3,3,2,3,2,3,1,NA,2,3,1,3,1,2,4,4,3,2,2,1,1,3,"LL","L","L","","",2.52,-0.52,1.48,1.48,1.48,0.48,0.48,-0.52,0.48,-0.52,0.48,-1.52,0.48,-0.52,0.48,-1.52,0.48,-1.52,-0.52,1.48,1.48,0.48,-0.52,-0.52,-1.52,-1.52,0.48,2.73536550406116,2.73536550406116,NA,NA,NA,2.73536550406116
"JN06AM",4,4,2,3,2,2,2,2,4,4,3,2,4,3,4,4,2,2,2,2,3,2,4,2,2,2,"JMW",4,4,2,3,2,2,2,2,4,4,3,2,4,3,4,4,2,2,2,2,3,2,NA,2,2,2,"JMW","J","M","W","",2.72,1.28,1.28,-0.72,0.28,-0.72,-0.72,-0.72,-0.72,1.28,1.28,0.28,-0.72,1.28,0.28,1.28,1.28,-0.72,-0.72,-0.72,-0.72,0.28,-0.72,1.28,-0.72,-0.72,-0.72,3.99623506927855,3.03350215002389,4.18878165312948,NA,NA,3.73950629081064
"HI05MR",4,4,3,4,2,2,4,3,4,4,2,4,2,3,3,2,1,1,2,1,3,1,2,3,1,2,"JH",4,4,3,4,2,2,4,NA,4,4,2,4,2,3,3,2,1,1,2,1,3,1,2,3,1,2,"JH","J","H","","",2.56,1.44,1.44,0.44,1.44,-0.56,-0.56,1.44,0.44,1.44,1.44,-0.56,1.44,-0.56,0.44,0.44,-0.56,-1.56,-1.56,-0.56,-1.56,0.44,-1.56,-0.56,0.44,-1.56,-0.56,3.99623506927855,3.05213569039656,NA,NA,NA,3.52418537983755
"OA03VL",4,2,2,4,2,1,4,5,3,1,2,5,4,2,4,4,5,4,3,2,3,3,4,5,4,3,"NR",4,2,2,4,2,1,4,5,3,1,2,5,4,2,4,4,5,NA,3,2,3,3,4,5,4,3,"NR","N","R","","",3.24,0.76,-1.24,-1.24,0.76,-1.24,-2.24,0.76,1.76,-0.24,-2.24,-1.24,1.76,0.76,-1.24,0.76,0.76,1.76,0.76,-0.24,-1.24,-0.24,-0.24,0.76,1.76,0.76,-0.24,1.69809842331581,4.1949928332537,NA,NA,NA,2.94654562828476
"JS08VC",5,4,2,3,4,3,2,2,3,2,3,4,5,5,2,3,1,3,5,2,1,1,1,1,1,1,"EDBM",5,4,2,3,4,3,2,2,3,2,3,4,NA,5,2,3,1,3,5,2,1,1,1,1,1,1,"EDBM","E","D","B","M",2.56,2.44,1.44,-0.56,0.44,1.44,0.44,-0.56,-0.56,0.44,-0.56,0.44,1.44,2.44,2.44,-0.56,0.44,-1.56,0.44,2.44,-0.56,-1.56,-1.56,-1.56,-1.56,-1.56,-1.56,3.77884376493072,2.79126612517917,3.73536550406116,4.03350215002389,NA,3.58474438604873
"JD01HR",5,4,4,4,4,1,2,3,1,2,1,4,5,1,5,3,3,5,2,5,4,5,5,3,5,5,"VM",5,4,4,4,4,1,2,3,1,2,1,4,NA,1,5,3,3,5,2,5,4,5,5,3,5,5,"VM","V","M","","",3.44,1.56,0.56,0.56,0.56,0.56,-2.44,-1.44,-0.44,-2.44,-1.44,-2.44,0.56,1.56,-2.44,1.56,-0.44,-0.44,1.56,-1.44,1.56,0.56,1.56,1.56,-0.44,1.56,1.56,5.36269469660774,4.03350215002389,NA,NA,NA,4.69809842331581
"IS02AE",4,3,5,3,2,1,1,2,3,4,1,5,4,5,5,2,1,3,5,5,4,4,2,3,5,4,"NB",4,NA,5,3,2,1,1,2,3,4,1,5,4,5,5,2,1,3,5,5,4,4,2,3,5,4,"NB","N","B","","",3.32,0.68,-0.32,1.68,-0.32,-1.32,-2.32,-2.32,-1.32,-0.32,0.68,-2.32,1.68,0.68,1.68,1.68,-1.32,-2.32,-0.32,1.68,1.68,0.68,0.68,-1.32,-0.32,1.68,0.68,4.69809842331581,2.73536550406116,NA,NA,NA,3.71673196368849
"RG08MR",2,4,3,4,2,2,4,3,1,2,3,2,4,3,4,5,4,4,5,2,2,3,4,3,4,4,"LK",2,4,3,4,2,2,4,3,1,2,NA,2,4,3,4,5,4,4,5,2,2,3,4,3,4,4,"LK","L","K","","",3.2,-1.2,0.8,-0.2,0.8,-1.2,-1.2,0.8,-0.2,-2.2,-1.2,-0.2,-1.2,0.8,-0.2,0.8,1.8,0.8,0.8,1.8,-1.2,-1.2,-0.2,0.8,-0.2,0.8,0.8,1.73536550406116,3.1142474916388,NA,NA,NA,2.42480649784998
"AD09DR",2,4,2,4,3,2,3,3,2,2,4,4,5,5,2,4,1,2,4,1,3,2,2,2,2,3,"M.L.W.",2,4,2,4,3,2,3,3,2,2,4,4,5,5,2,4,1,2,4,1,3,2,NA,2,2,3,"MLW","M","L","W","",2.84,-0.84,1.16,-0.84,1.16,0.16,-0.84,0.16,0.16,-0.84,-0.84,1.16,1.16,2.16,2.16,-0.84,1.16,-1.84,-0.84,1.16,-1.84,0.16,-0.84,-0.84,-0.84,-0.84,0.16,4.03350215002389,3.73536550406116,2.18878165312948,NA,NA,3.31921643573817
"SS05HR",2,3,3,3,2,1,1,2,4,3,1,2,2,4,4,3,2,2,4,3,4,2,1,2,4,4,"SF",2,3,3,3,2,NA,1,2,4,3,1,2,2,4,4,3,2,2,4,3,4,2,1,2,4,4,"SF","S","F","","",2.68,-0.68,0.32,0.32,0.32,-0.68,-1.68,-1.68,-0.68,1.32,0.32,-1.68,-0.68,-0.68,1.32,1.32,0.32,-0.68,-0.68,1.32,0.32,1.32,-0.68,-1.68,-0.68,1.32,1.32,3.24468227424749,1.39996177735308,NA,NA,NA,2.32232202580029
"NE01TH",5,5,1,1,5,4,5,4,1,5,5,2,2,2,1,1,1,1,4,1,1,1,1,1,1,1,"A,N",5,5,1,1,5,4,5,4,1,5,5,2,2,NA,1,1,1,1,4,1,1,1,1,1,1,1,"AN","A","N","","",2.4,2.6,2.6,-1.4,-1.4,2.6,1.6,2.6,1.6,-1.4,2.6,2.6,-0.4,-0.4,-0.4,-1.4,-1.4,-1.4,-1.4,1.6,-1.4,-1.4,-1.4,-1.4,-1.4,-1.4,-1.4,4.13288103201147,1.69809842331581,NA,NA,NA,2.91548972766364
"JH12MR",3,4,4,3,4,3,5,3,3,5,2,2,4,2,5,4,2,1,5,4,3,1,2,1,1,2,"PN",3,4,4,3,4,3,5,3,3,5,2,2,4,NA,5,4,2,1,5,4,3,1,2,1,1,2,"PN","P","N","","",3.04,-0.04,0.96,0.96,-0.04,0.96,-0.04,1.96,-0.04,-0.04,1.96,-1.04,-1.04,0.96,-1.04,1.96,0.96,-1.04,-2.04,1.96,0.96,-0.04,-2.04,-1.04,-2.04,-2.04,-1.04,4.10803631151457,1.69809842331581,NA,NA,NA,2.90306736741519
"IG03RM",3,4,2,3,2,2,1,2,3,4,3,4,4,3,2,1,1,1,3,3,3,2,1,1,1,2,"JA",NA,4,2,3,2,2,1,2,3,4,3,4,4,3,2,1,1,1,3,3,3,2,1,1,1,2,"JA","J","A","","",2.32,0.68,1.68,-0.32,0.68,-0.32,-0.32,-1.32,-0.32,0.68,1.68,0.68,1.68,1.68,0.68,-0.32,-1.32,-1.32,-1.32,0.68,0.68,0.68,-0.32,-1.32,-1.32,-1.32,-0.32,3.99623506927855,2.13288103201147,NA,NA,NA,3.06455805064501
"AN07DR",1,3,2,3,1,3,2,1,2,2,1,1,3,3,4,3,3,4,4,4,3,4,4,5,4,5,"D.J.B.",1,NA,2,3,1,3,2,1,2,2,1,1,3,3,4,3,3,4,4,4,3,4,4,5,4,5,"DJB","D","J","B","",2.88,-1.88,0.12,-0.88,0.12,-1.88,0.12,-0.88,-1.88,-0.88,-0.88,-1.88,-1.88,0.12,0.12,1.12,0.12,0.12,1.12,1.12,1.12,0.12,1.12,1.12,2.12,1.12,2.12,2.79126612517917,1.99623506927855,2.73536550406116,NA,NA,2.50762223283962
"UR12TR",3,1,3,2,4,4,2,2,3,5,2,5,5,5,1,4,1,4,4,4,2,4,2,2,4,3,"CB",3,NA,3,2,4,4,2,2,3,5,2,5,5,5,1,4,1,4,4,4,2,4,2,2,4,3,"CB","C","B","","",3.2,-0.2,-2.2,-0.2,-1.2,0.8,0.8,-1.2,-1.2,-0.2,1.8,-1.2,1.8,1.8,1.8,-2.2,0.8,-2.2,0.8,0.8,0.8,-1.2,0.8,-1.2,-1.2,0.8,-0.2,3.18878165312948,0.735365504061156,NA,NA,NA,1.96207357859532
"BR12TO",5,5,5,3,4,3,3,3,1,1,4,2,5,2,3,2,2,4,2,4,2,2,4,2,3,4,"AKB",5,NA,5,3,4,3,3,3,1,1,4,2,5,2,3,2,2,4,2,4,2,2,4,2,3,4,"AKB","A","K","B","",3,2,2,2,0,1,0,0,0,-2,-2,1,-1,2,-1,0,-1,-1,1,-1,1,-1,-1,1,-1,0,1,4.13288103201147,4.1142474916388,4.73536550406116,NA,NA,4.32749800923714
"HL20VK",4,5,4,3,2,2,4,2,3,4,2,2,2,2,3,4,4,4,5,4,5,3,3,5,4,5,"BMS",4,5,4,3,2,2,4,2,3,4,2,2,2,2,3,4,4,4,NA,4,5,3,3,5,4,5,"BMS","B","M","S","",3.4,0.6,1.6,0.6,-0.4,-1.4,-1.4,0.6,-1.4,-0.4,0.6,-1.4,-1.4,-1.4,-1.4,-0.4,0.6,0.6,0.6,1.6,0.6,1.6,-0.4,-0.4,1.6,0.6,1.6,4.73536550406116,1.03350215002389,4.24468227424749,NA,NA,3.33784997611085
"LC09FN",4,3,2,3,3,4,1,2,1,1,4,3,4,4,5,2,2,4,2,2,1,1,2,2,3,4,"KB",4,NA,2,3,3,4,1,2,1,1,4,3,4,4,5,2,2,4,2,2,1,1,2,2,3,4,"KB","K","B","","",2.64,1.36,0.36,-0.64,0.36,0.36,1.36,-1.64,-0.64,-1.64,-1.64,1.36,0.36,1.36,1.36,2.36,-0.64,-0.64,1.36,-0.64,-0.64,-1.64,-1.64,-0.64,-0.64,0.36,1.36,4.1142474916388,2.73536550406116,NA,NA,NA,3.42480649784998
"RO12MA",4,3,2,3,4,4,3,1,4,2,4,4,5,3,4,5,5,5,5,5,4,2,3,5,4,4,"TA",NA,3,2,3,4,4,3,1,4,2,4,4,5,3,4,5,5,5,5,5,4,2,3,5,4,4,"TA","T","A","","",3.72,0.28,-0.72,-1.72,-0.72,0.28,0.28,-0.72,-2.72,0.28,-1.72,0.28,0.28,1.28,-0.72,0.28,1.28,1.28,1.28,1.28,1.28,0.28,-1.72,-0.72,1.28,0.28,0.28,5.13909221213569,3.13288103201147,NA,NA,NA,4.13598662207358
"IN08OE",4,4,3,4,4,4,5,2,4,1,4,4,5,4,4,4,3,4,5,4,3,3,4,4,2,4,"MC",4,4,NA,4,4,4,5,2,4,1,4,4,5,4,4,4,3,4,5,4,3,3,4,4,2,4,"MC","M","C","","",3.72,0.28,0.28,-0.72,0.28,0.28,0.28,1.28,-1.72,0.28,-2.72,0.28,0.28,1.28,0.28,0.28,0.28,-0.72,0.28,1.28,0.28,-0.72,-0.72,0.28,0.28,-1.72,0.28,4.03350215002389,3.18878165312948,NA,NA,NA,3.61114190157668
"GL07NB",5,4,2,3,3,2,2,1,4,5,3,5,5,3,2,1,1,1,5,4,1,1,1,1,1,2,"E A",NA,4,2,3,3,2,2,1,4,5,3,5,5,3,2,1,1,1,5,4,1,1,1,1,1,2,"EA","E","A","","",2.52,2.48,1.48,-0.52,0.48,0.48,-0.52,-0.52,-1.52,1.48,2.48,0.48,2.48,2.48,0.48,-0.52,-1.52,-1.52,-1.52,2.48,1.48,-1.52,-1.52,-1.52,-1.52,-1.52,-0.52,2.77884376493072,4.13288103201147,NA,NA,NA,3.45586239847109
"DN12MS",4,2,1,2,5,2,4,3,4,1,5,4,4,2,5,4,1,5,4,2,4,2,1,5,4,2,"EKÃ–",4,2,1,2,5,2,4,3,4,1,NA,4,4,2,5,4,1,5,4,2,4,2,1,5,4,2,"EK","E","K","","",3.08,0.92,-1.08,-2.08,-1.08,1.92,-1.08,0.92,-0.0800000000000001,0.92,-2.08,1.92,0.92,0.92,-1.08,1.92,0.92,-2.08,1.92,0.92,-1.08,0.92,-1.08,-2.08,1.92,0.92,-1.08,4.77884376493072,5.1142474916388,NA,NA,NA,4.94654562828476
"KR12RL",4,3,2,3,3,4,2,3,3,4,2,3,0,4,3,3,2,3,4,4,3,2,4,3,3,3,"MS",4,3,2,3,3,4,2,3,3,4,2,3,0,4,3,3,2,3,NA,4,3,2,4,3,3,3,"MS","M","S","","",2.92,1.08,0.0800000000000001,-0.92,0.0800000000000001,0.0800000000000001,1.08,-0.92,0.0800000000000001,0.0800000000000001,1.08,-0.92,0.0800000000000001,-2.92,1.08,0.0800000000000001,0.0800000000000001,-0.92,0.0800000000000001,1.08,1.08,0.0800000000000001,-0.92,1.08,0.0800000000000001,0.0800000000000001,0.0800000000000001,-0.966497849976111,3.24468227424749,NA,NA,NA,1.13909221213569
"SM11RC",4,5,1,1,4,4,2,2,1,1,2,1,5,4,1,1,1,3,2,1,1,1,1,4,4,5,"md",4,5,1,NA,4,4,2,2,1,1,2,1,5,4,1,1,1,3,2,1,1,1,1,4,4,5,"MD","M","D","","",2.44,1.56,2.56,-1.44,-1.44,1.56,1.56,-0.44,-0.44,-1.44,-1.44,-0.44,-1.44,2.56,1.56,-1.44,-1.44,-1.44,0.56,-0.44,-1.44,-1.44,-1.44,-1.44,1.56,1.56,2.56,4.03350215002389,0.791266125179169,NA,NA,NA,2.41238413760153
"GL09IM",2,3,2,4,2,1,4,2,2,1,3,2,4,4,4,3,2,4,4,2,4,3,3,1,4,3,"OA",NA,3,2,4,2,1,4,2,2,1,3,2,4,4,4,3,2,4,4,2,4,3,3,1,4,3,"OA","O","A","","",2.84,-0.84,0.16,-0.84,1.16,-0.84,-1.84,1.16,-0.84,-0.84,-1.84,0.16,-0.84,1.16,1.16,1.16,0.16,-0.84,1.16,1.16,-0.84,1.16,0.16,0.16,-1.84,1.16,0.16,3.7477878643096,1.13288103201147,NA,NA,NA,2.44033444816053
"BI11WL",5,2,2,3,4,3,1,5,3,1,1,5,3,3,5,4,1,1,5,4,3,4,5,5,1,2,"HLSW",5,2,2,3,4,3,1,5,3,1,1,5,3,3,5,4,1,1,5,4,3,4,NA,5,1,2,"HLSW","H","L","S","W",3.04,1.96,-1.04,-1.04,-0.04,0.96,-0.04,-2.04,1.96,-0.04,-2.04,-2.04,1.96,-0.04,-0.04,1.96,0.96,-2.04,-2.04,1.96,0.96,-0.04,0.96,1.96,1.96,-2.04,-1.04,5.05213569039656,4.73536550406116,4.24468227424749,5.18878165312948,NA,4.80524128045867
"SB08DM",4,4,3,3,4,2,3,3,4,4,4,4,5,5,2,2,1,2,4,4,3,2,2,3,2,3,"MCM",4,4,3,3,4,2,3,3,4,4,4,4,NA,5,2,2,1,2,4,4,3,2,2,3,2,3,"MCM","M","C","M","",3.08,0.92,0.92,-0.0800000000000001,-0.0800000000000001,0.92,-1.08,-0.0800000000000001,-0.0800000000000001,0.92,0.92,0.92,0.92,1.92,1.92,-1.08,-1.08,-2.08,-1.08,0.92,0.92,-0.0800000000000001,-1.08,-1.08,-0.0800000000000001,-1.08,-0.0800000000000001,4.03350215002389,3.18878165312948,4.03350215002389,NA,NA,3.75192865105909
"PG11WL",1,2,3,3,2,2,5,2,1,4,1,1,5,4,1,2,5,1,1,1,1,3,4,5,5,5,"JNK",1,2,3,3,2,2,5,2,1,4,NA,1,5,4,1,2,5,1,1,1,1,3,4,5,5,5,"JNK","J","N","K","",2.76,-1.76,-0.76,0.24,0.24,-0.76,-0.76,2.24,-0.76,-1.76,1.24,-1.76,-1.76,2.24,1.24,-1.76,-0.76,2.24,-1.76,-1.76,-1.76,-1.76,0.24,1.24,2.24,2.24,2.24,3.99623506927855,3.69809842331581,1.1142474916388,NA,NA,2.93619366141105
"HL04MR",4,3,2,2,3,2,5,4,1,5,4,2,4,5,3,3,2,3,5,2,2,3,2,2,4,3,"JH",4,3,2,2,3,2,5,NA,1,5,4,2,4,5,3,3,2,3,5,2,2,3,2,2,4,3,"JH","J","H","","",3.04,0.96,-0.04,-1.04,-1.04,-0.04,-1.04,1.96,0.96,-2.04,1.96,0.96,-1.04,0.96,1.96,-0.04,-0.04,-1.04,-0.04,1.96,-1.04,-1.04,-0.04,-1.04,-1.04,0.96,-0.04,4.99623506927855,4.05213569039656,NA,NA,NA,4.52418537983755
"JN06MR",4,2,1,3,5,2,5,3,1,4,4,3,2,4,1,2,1,4,5,4,2,4,5,3,1,4,"EC",4,2,NA,3,5,2,5,3,1,4,4,3,2,4,1,2,1,4,5,4,2,4,5,3,1,4,"EC","E","C","","",3.12,0.88,-1.12,-2.12,-0.12,1.88,-1.12,1.88,-0.12,-2.12,0.88,0.88,-0.12,-1.12,0.88,-2.12,-1.12,-2.12,0.88,1.88,0.88,-1.12,0.88,1.88,-0.12,-2.12,0.88,4.77884376493072,1.18878165312948,NA,NA,NA,2.9838127090301
"HI06CR",5,4,3,3,5,2,4,4,4,3,4,4,5,4,3,3,4,3,5,3,3,4,3,5,3,5,"NB",5,NA,3,3,5,2,4,4,4,3,4,4,5,4,3,3,4,3,5,3,3,4,3,5,3,5,"NB","N","B","","",3.76,1.24,0.24,-0.76,-0.76,1.24,-1.76,0.24,0.24,0.24,-0.76,0.24,0.24,1.24,0.24,-0.76,-0.76,0.24,-0.76,1.24,-0.76,-0.76,0.24,-0.76,1.24,-0.76,1.24,3.69809842331581,3.73536550406116,NA,NA,NA,3.71673196368849
"SL07PT",5,3,4,5,5,3,4,3,3,4,3,4,5,4,4,3,2,0,4,4,3,4,3,2,2,3,"A M M",5,3,4,5,5,3,4,3,3,4,3,4,NA,4,4,3,2,0,4,4,3,4,3,2,2,3,"AMM","A","M","M","",3.36,1.64,-0.36,0.64,1.64,1.64,-0.36,0.64,-0.36,-0.36,0.64,-0.36,0.64,1.64,0.64,0.64,-0.36,-1.36,-3.36,0.64,0.64,-0.36,0.64,-0.36,-1.36,-1.36,-0.36,4.13288103201147,4.03350215002389,4.03350215002389,NA,NA,4.06662844401975
"MH03GZ",3,5,5,5,1,1,2,5,5,5,1,5,4,4,5,4,1,2,5,4,4,4,1,1,1,3,"R.B.",3,NA,5,5,1,1,2,5,5,5,1,5,4,4,5,4,1,2,5,4,4,4,1,1,1,3,"RB","R","B","","",3.24,-0.24,1.76,1.76,1.76,-2.24,-2.24,-1.24,1.76,1.76,1.76,-2.24,1.76,0.76,0.76,1.76,0.76,-2.24,-1.24,1.76,0.76,0.76,0.76,-2.24,-2.24,-2.24,-0.24,2.1949928332537,4.73536550406116,NA,NA,NA,3.46517916865743
"BR02HR",4,2,4,3,3,2,1,2,4,3,2,4,5,3,5,2,4,3,5,4,3,5,4,3,2,4,"CB",4,NA,4,3,3,2,1,2,4,3,2,4,5,3,5,2,4,3,5,4,3,5,4,3,2,4,"CB","C","B","","",3.36,0.64,-1.36,0.64,-0.36,-0.36,-1.36,-2.36,-1.36,0.64,-0.36,-1.36,0.64,1.64,-0.36,1.64,-1.36,0.64,-0.36,1.64,0.64,-0.36,1.64,0.64,-0.36,-1.36,0.64,4.18878165312948,1.73536550406116,NA,NA,NA,2.96207357859532
"AJ04SE",4,3,4,4,4,3,3,4,4,4,3,5,5,4,3,2,1,1,4,4,1,3,4,3,2,3,"LMV",4,3,4,4,4,3,3,4,4,4,3,5,5,4,3,2,1,1,4,4,1,NA,4,3,2,3,"LMV","L","M","V","",3.28,0.72,-0.28,0.72,0.72,0.72,-0.28,-0.28,0.72,0.72,0.72,-0.28,1.72,1.72,0.72,-0.28,-1.28,-2.28,-2.28,0.72,0.72,-2.28,-0.28,0.72,-0.28,-1.28,-0.28,4.73536550406116,4.03350215002389,3.36269469660774,NA,NA,4.0438541168976
"HI01IG",5,4,2,5,5,2,2,5,4,2,2,4,5,5,5,5,4,5,5,5,5,5,5,4,2,5,"LPD",5,4,2,NA,5,2,2,5,4,2,2,4,5,5,5,5,4,5,5,5,5,5,5,4,2,5,"LPD","L","P","D","",4.08,0.92,-0.0800000000000001,-2.08,0.92,0.92,-2.08,-2.08,0.92,-0.0800000000000001,-2.08,-2.08,-0.0800000000000001,0.92,0.92,0.92,0.92,-0.0800000000000001,0.92,0.92,0.92,0.92,0.92,0.92,-0.0800000000000001,-2.08,0.92,3.73536550406116,5.10803631151457,4.79126612517917,NA,NA,4.54488931358497
"KT12EI",3,4,2,5,4,4,3,3,4,3,2,3,4,4,3,4,2,2,3,4,4,2,2,3,2,2,"MB",3,NA,2,5,4,4,3,3,4,3,2,3,4,4,3,4,2,2,3,4,4,2,2,3,2,2,"MB","M","B","","",3.08,-0.0800000000000001,0.92,-1.08,1.92,0.92,0.92,-0.0800000000000001,-0.0800000000000001,0.92,-0.0800000000000001,-1.08,-0.0800000000000001,0.92,0.92,-0.0800000000000001,0.92,-1.08,-1.08,-0.0800000000000001,0.92,0.92,-1.08,-1.08,-0.0800000000000001,-1.08,-1.08,3.03350215002389,3.73536550406116,NA,NA,NA,3.38443382704252
"KT07HN",4,2,3,4,5,2,4,5,3,4,2,3,4,2,1,3,1,2,2,3,4,2,5,2,4,5,"HKLH",4,2,3,4,5,2,4,NA,3,4,2,3,4,2,1,3,1,2,2,3,4,2,5,2,4,5,"HKLH","H","K","L","H",3.04,0.96,-1.04,-0.04,0.96,1.96,-1.04,0.96,1.96,-0.04,0.96,-1.04,-0.04,0.96,-1.04,-2.04,-0.04,-2.04,-1.04,-1.04,-0.04,0.96,-1.04,1.96,-1.04,0.96,1.96,5.05213569039656,2.1142474916388,2.73536550406116,5.05213569039656,NA,3.73847109412327
"MR02OI",5,5,2,1,2,4,5,2,2,5,4,5,5,5,2,1,5,2,5,2,2,5,2,5,5,5,"SMM ",5,5,2,1,2,4,5,2,2,5,4,5,NA,5,2,1,5,2,5,2,2,5,2,5,5,5,"SMM","S","M","M","",3.52,1.48,1.48,-1.52,-2.52,-1.52,0.48,1.48,-1.52,-1.52,1.48,0.48,1.48,1.48,1.48,-1.52,-2.52,1.48,-1.52,1.48,-1.52,-1.52,1.48,-1.52,1.48,1.48,1.48,4.24468227424749,4.03350215002389,4.03350215002389,NA,NA,4.10389552476509
"AI02RB",3,5,1,3,4,1,2,3,3,4,5,5,4,4,3,4,2,4,4,2,1,3,1,3,4,2,"K,S",3,5,1,3,4,1,2,3,3,4,5,5,4,4,3,4,2,4,NA,2,1,3,1,3,4,2,"KS","K","S","","",3.04,-0.04,1.96,-2.04,-0.04,0.96,-2.04,-1.04,-0.04,-0.04,0.96,1.96,1.96,0.96,0.96,-0.04,0.96,-1.04,0.96,0.96,-1.04,-2.04,-0.04,-2.04,-0.04,0.96,-1.04,5.1142474916388,3.24468227424749,NA,NA,NA,4.17946488294314
"DR09FA",4,4,3,3,3,4,3,4,3,4,3,3,3,3,3,3,3,4,4,3,3,3,3,3,3,4,"JDTB",4,NA,3,3,3,4,3,4,3,4,3,3,3,3,3,3,3,4,4,3,3,3,3,3,3,4,"JDTB","J","D","T","B",3.28,0.72,0.72,-0.28,-0.28,-0.28,0.72,-0.28,0.72,-0.28,0.72,-0.28,-0.28,-0.28,-0.28,-0.28,-0.28,-0.28,0.72,0.72,-0.28,-0.28,-0.28,-0.28,-0.28,-0.28,0.72,3.99623506927855,2.79126612517917,3.13909221213569,3.73536550406116,NA,3.41548972766364
"SS09MR",5,3,2,4,4,4,5,5,1,5,4,4,5,4,3,1,1,2,4,4,5,2,2,1,1,5,"LMJ",5,3,2,4,4,4,5,5,1,NA,4,4,5,4,3,1,1,2,4,4,5,2,2,1,1,5,"LMJ","L","M","J","",3.24,1.76,-0.24,-1.24,0.76,0.76,0.76,1.76,1.76,-2.24,1.76,0.76,0.76,1.76,0.76,-0.24,-2.24,-2.24,-1.24,0.76,0.76,1.76,-1.24,-1.24,-2.24,-2.24,1.76,3.73536550406116,4.03350215002389,4.99623506927855,NA,NA,4.2550342411212
"AJ10AK",4,5,1,1,1,5,2,4,2,1,1,3,4,1,1,1,1,1,1,1,1,1,1,1,1,1,"ML",4,5,1,1,1,5,2,4,2,1,1,NA,4,1,1,1,1,1,1,1,1,1,1,1,1,1,"ML","M","L","","",1.76,2.24,3.24,-0.76,-0.76,-0.76,3.24,0.24,2.24,0.24,-0.76,-0.76,1.24,2.24,-0.76,-0.76,-0.76,-0.76,-0.76,-0.76,-0.76,-0.76,-0.76,-0.76,-0.76,-0.76,-0.76,3.03350215002389,2.73536550406116,NA,NA,NA,2.88443382704252
"BI10DE",4,3,4,3,2,3,2,4,2,2,2,3,5,5,4,3,1,1,4,4,3,3,4,4,3,2,"MS",4,3,4,3,2,3,2,4,2,2,2,3,5,5,4,3,1,1,NA,4,3,3,4,4,3,2,"MS","M","S","","",3.04,0.96,-0.04,0.96,-0.04,-1.04,-0.04,-1.04,0.96,-1.04,-1.04,-1.04,-0.04,1.96,1.96,0.96,-0.04,-2.04,-2.04,0.96,0.96,-0.04,-0.04,0.96,0.96,-0.04,-1.04,4.03350215002389,3.24468227424749,NA,NA,NA,3.63909221213569
"NT02CR",5,4,4,3,4,2,4,5,4,3,4,3,3,3,4,3,3,3,4,4,4,4,4,4,3,5,"S E Z",5,4,4,3,4,2,4,5,4,3,4,3,3,3,4,3,3,3,4,4,4,4,4,4,3,NA,"SEZ","S","E","Z","",3.64,1.36,0.36,0.36,-0.64,0.36,-1.64,0.36,1.36,0.36,-0.64,0.36,-0.64,-0.64,-0.64,0.36,-0.64,-0.64,-0.64,0.36,0.36,0.36,0.36,0.36,0.36,-0.64,1.36,3.24468227424749,3.77884376493072,5.03971333014811,NA,NA,4.02107978977544
"AE05TB",4,4,3,4,2,2,4,2,5,4,3,2,5,4,5,2,3,2,5,2,4,3,5,5,2,4,"PRW",4,4,3,4,2,2,4,2,5,4,3,2,5,4,5,2,3,2,5,2,4,3,NA,5,2,4,"PRW","P","R","W","",3.4,0.6,0.6,-0.4,0.6,-1.4,-1.4,0.6,-1.4,1.6,0.6,-0.4,-1.4,1.6,0.6,1.6,-1.4,-0.4,-1.4,1.6,-1.4,0.6,-0.4,1.6,1.6,-1.4,0.6,2.10803631151457,2.1949928332537,5.18878165312948,NA,NA,3.16393693263259
"AD06VL",3,4,4,3,4,3,2,2,4,5,4,4,3,4,2,4,1,3,4,4,2,2,1,1,1,4,"JEB",3,NA,4,3,4,3,2,2,4,5,4,4,3,4,2,4,1,3,4,4,2,2,1,1,1,4,"JEB","J","E","B","",2.96,0.04,1.04,1.04,0.04,1.04,0.04,-0.96,-0.96,1.04,2.04,1.04,1.04,0.04,1.04,-0.96,1.04,-1.96,0.04,1.04,1.04,-0.96,-0.96,-1.96,-1.96,-1.96,1.04,4.99623506927855,3.77884376493072,3.73536550406116,NA,NA,4.17014811275681
"MC10TO",4,3,3,4,4,0,4,3,3,3,3,3,3,3,3,3,3,3,3,3,3,3,3,3,3,3,"ML",4,3,3,4,4,0,4,3,3,3,3,NA,3,3,3,3,3,3,3,3,3,3,3,3,3,3,"ML","M","L","","",3.04,0.96,-0.04,-0.04,0.96,0.96,-3.04,0.96,-0.04,-0.04,-0.04,-0.04,-0.04,-0.04,-0.04,-0.04,-0.04,-0.04,-0.04,-0.04,-0.04,-0.04,-0.04,-0.04,-0.04,-0.04,-0.04,2.03350215002389,2.73536550406116,NA,NA,NA,2.38443382704252
"MR10JR",4,5,2,3,5,5,5,2,1,3,4,2,4,4,3,3,2,3,4,3,3,2,2,2,4,2,"E.F.E.",4,5,2,3,NA,5,5,2,1,3,4,2,4,4,3,3,2,3,4,3,3,2,2,2,4,2,"EFE","E","F","E","",3.08,0.92,1.92,-1.08,-0.0800000000000001,1.92,1.92,1.92,-1.08,-2.08,-0.0800000000000001,0.92,-1.08,0.92,0.92,-0.0800000000000001,-0.0800000000000001,-1.08,-0.0800000000000001,0.92,-0.0800000000000001,-0.0800000000000001,-1.08,-1.08,-1.08,0.92,-1.08,4.77884376493072,5.39996177735308,4.77884376493072,NA,NA,4.98588310240484
"EK06BR",3,2,3,2,3,2,3,3,3,5,3,3,5,3,2,2,1,1,1,2,2,2,2,3,3,3,"MS",3,2,3,2,3,2,3,3,3,5,3,3,5,3,2,2,1,1,NA,2,2,2,2,3,3,3,"MS","M","S","","",2.64,0.36,-0.64,0.36,-0.64,0.36,-0.64,0.36,0.36,0.36,2.36,0.36,0.36,2.36,0.36,-0.64,-0.64,-1.64,-1.64,-1.64,-0.64,-0.64,-0.64,-0.64,0.36,0.36,0.36,4.03350215002389,0.244682274247492,NA,NA,NA,2.13909221213569
"MR07TO",5,5,3,2,4,4,4,3,3,3,2,4,3,4,2,2,1,3,3,2,3,1,1,1,2,2,"NR",5,5,3,2,4,4,4,3,3,3,2,4,3,4,2,2,1,NA,3,2,3,1,1,1,2,2,"NR","N","R","","",2.76,2.24,2.24,0.24,-0.76,1.24,1.24,1.24,0.24,0.24,0.24,-0.76,1.24,0.24,1.24,-0.76,-0.76,-1.76,0.24,0.24,-0.76,0.24,-1.76,-1.76,-1.76,-0.76,-0.76,3.69809842331581,3.1949928332537,NA,NA,NA,3.44654562828476
"FT05SY",2,4,3,4,5,2,1,3,5,2,1,5,4,2,5,4,1,1,4,4,5,2,2,3,3,2,"BY",2,4,3,4,5,2,1,3,5,2,1,5,4,2,5,4,1,1,4,4,5,2,2,3,NA,2,"BY","B","Y","","",3.04,-1.04,0.96,-0.04,0.96,1.96,-1.04,-2.04,-0.04,1.96,-1.04,-2.04,1.96,0.96,-1.04,1.96,0.96,-2.04,-2.04,0.96,0.96,1.96,-1.04,-1.04,-0.04,-0.04,-1.04,3.73536550406116,3.29437171524128,NA,NA,NA,3.51486860965122
"MOZ08S",4,4,1,2,3,1,1,1,1,1,5,4,4,4,3,1,1,2,3,2,1,1,2,1,2,1,"K & B",4,NA,1,2,3,1,1,1,1,1,5,4,4,4,3,1,1,2,3,2,1,1,2,1,2,1,"KB","K","B","","",2.08,1.92,1.92,-1.08,-0.0800000000000001,0.92,-1.08,-1.08,-1.08,-1.08,-1.08,2.92,1.92,1.92,1.92,0.92,-1.08,-1.08,-0.0800000000000001,0.92,-0.0800000000000001,-1.08,-1.08,-0.0800000000000001,-1.08,-0.0800000000000001,-1.08,5.1142474916388,3.73536550406116,NA,NA,NA,4.42480649784998
"SE01DT",4,2,4,3,3,2,3,2,1,3,3,4,4,4,3,4,4,5,4,4,2,5,3,5,4,4,"RM",4,2,4,3,3,2,3,2,1,3,3,4,NA,4,3,4,4,5,4,4,2,5,3,5,4,4,"RM","R","M","","",3.4,0.6,-1.4,0.6,-0.4,-0.4,-1.4,-0.4,-1.4,-2.4,-0.4,-0.4,0.6,0.6,0.6,-0.4,0.6,0.6,1.6,0.6,0.6,-1.4,1.6,-0.4,1.6,0.6,0.6,5.1949928332537,3.03350215002389,NA,NA,NA,4.1142474916388
"CR07HL",4,3,2,5,3,2,5,3,1,3,2,4,5,3,2,2,2,4,3,2,3,2,4,3,2,1,"L.K.M",4,3,2,5,3,2,5,3,1,3,2,4,NA,3,2,2,2,4,3,2,3,2,4,3,2,1,"LKM","L","K","M","",2.8,1.2,0.2,-0.8,2.2,0.2,-0.8,2.2,0.2,-1.8,0.2,-0.8,1.2,2.2,0.2,-0.8,-0.8,-0.8,1.2,0.2,-0.8,0.2,-0.8,1.2,0.2,-0.8,-1.8,3.73536550406116,2.1142474916388,4.03350215002389,NA,NA,3.29437171524128
"KR01WR",4,4,3,0,4,3,1,3,2,4,5,3,4,4,2,3,2,5,4,3,1,2,3,3,3,4,"JB",4,NA,3,0,4,3,1,3,2,4,5,3,4,4,2,3,2,5,4,3,1,2,3,3,3,4,"JB","J","B","","",3,1,1,0,-3,1,0,-2,0,-1,1,2,0,1,1,-1,0,-1,2,1,0,-2,-1,0,0,0,1,3.99623506927855,3.73536550406116,NA,NA,NA,3.86580028666985
"MN06CA",2,4,3,2,4,4,4,2,1,4,4,1,4,3,3,4,2,2,5,3,1,1,4,3,2,5,"SS",2,4,3,2,4,4,4,2,1,4,4,1,4,3,3,4,2,2,NA,3,1,1,4,3,2,5,"SS","S","S","","",2.88,-0.88,1.12,0.12,-0.88,1.12,1.12,1.12,-0.88,-1.88,1.12,1.12,-1.88,1.12,0.12,0.12,1.12,-0.88,-0.88,2.12,0.12,-1.88,-1.88,1.12,0.12,-0.88,2.12,4.24468227424749,4.24468227424749,NA,NA,NA,4.24468227424749
"SM03SM",3,3,2,4,4,5,3,2,1,2,1,2,4,3,2,2,4,3,4,2,3,5,5,5,5,5,"S.M.B",3,NA,2,4,4,5,3,2,1,2,1,2,4,3,2,2,4,3,4,2,3,5,5,5,5,5,"SMB","S","M","B","",3.24,-0.24,-0.24,-1.24,0.76,0.76,1.76,-0.24,-1.24,-2.24,-1.24,-2.24,-1.24,0.76,-0.24,-1.24,-1.24,0.76,-0.24,0.76,-1.24,-0.24,1.76,1.76,1.76,1.76,1.76,3.24468227424749,3.03350215002389,2.73536550406116,NA,NA,3.00451664277751
"GL09MH",5,5,3,5,1,1,5,5,5,2,5,3,5,3,5,5,5,5,5,5,3,2,2,1,1,1,"RA",NA,5,3,5,1,1,5,5,5,2,5,3,5,3,5,5,5,5,5,5,3,2,2,1,1,1,"RA","R","A","","",3.52,1.48,1.48,-0.52,1.48,-2.52,-2.52,1.48,1.48,1.48,-1.52,1.48,-0.52,1.48,-0.52,1.48,1.48,1.48,1.48,1.48,1.48,-0.52,-1.52,-1.52,-2.52,-2.52,-2.52,5.1949928332537,4.13288103201147,NA,NA,NA,4.66393693263258
"SR10DA",5,3,2,2,2,1,3,2,2,4,4,3,3,4,1,3,2,3,4,4,2,3,3,5,5,5,"NB",5,NA,2,2,2,1,3,2,2,4,4,3,3,4,1,3,2,3,4,4,2,3,3,5,5,5,"NB","N","B","","",3.08,1.92,-0.0800000000000001,-1.08,-1.08,-1.08,-2.08,-0.0800000000000001,-1.08,-1.08,0.92,0.92,-0.0800000000000001,-0.0800000000000001,0.92,-2.08,-0.0800000000000001,-1.08,-0.0800000000000001,0.92,0.92,-1.08,-0.0800000000000001,-0.0800000000000001,1.92,1.92,1.92,3.69809842331581,2.73536550406116,NA,NA,NA,3.21673196368849
"AS05MH",2,3,4,4,1,1,1,1,1,1,2,4,5,1,1,1,1,1,4,2,3,1,1,1,1,5,"BSD",2,3,4,NA,1,1,1,1,1,1,2,4,5,1,1,1,1,1,4,2,3,1,1,1,1,5,"BSD","B","S","D","",1.96,0.04,1.04,2.04,2.04,-0.96,-0.96,-0.96,-0.96,-0.96,-0.96,0.04,2.04,3.04,-0.96,-0.96,-0.96,-0.96,-0.96,2.04,0.04,1.04,-0.96,-0.96,-0.96,-0.96,3.04,2.73536550406116,3.24468227424749,3.79126612517917,NA,NA,3.25710463449594
"TN11HL",5,2,3,5,5,2,3,3,3,4,2,3,4,4,3,2,2,4,3,2,2,2,2,5,5,2,"JH",5,2,3,5,5,2,3,NA,3,4,2,3,4,4,3,2,2,4,3,2,2,2,2,5,5,2,"JH","J","H","","",3.16,1.84,-1.16,-0.16,1.84,1.84,-1.16,-0.16,-0.16,-0.16,0.84,-1.16,-0.16,0.84,0.84,-0.16,-1.16,-1.16,0.84,-0.16,-1.16,-1.16,-1.16,-1.16,1.84,1.84,-1.16,3.99623506927855,3.05213569039656,NA,NA,NA,3.52418537983755
"VL08ZK",2,2,3,4,4,4,5,4,5,1,3,3,5,3,2,4,1,4,2,4,2,4,2,4,3,5,"IG",2,2,3,4,4,4,NA,4,5,1,3,3,5,3,2,4,1,4,2,4,2,4,2,4,3,5,"IG","I","G","","",3.2,-1.2,-1.2,-0.2,0.8,0.8,0.8,1.8,0.8,1.8,-2.2,-0.2,-0.2,1.8,-0.2,-1.2,0.8,-2.2,0.8,-1.2,0.8,-1.2,0.8,-1.2,0.8,-0.2,1.8,5.26952699474439,5.01486860965122,NA,NA,NA,5.1421978021978
"KR09AF",4,4,4,4,3,2,5,3,3,3,2,2,4,2,5,2,4,3,5,3,4,4,3,5,3,3,"AG",4,4,4,4,3,2,NA,3,3,3,2,2,4,2,5,2,4,3,5,3,4,4,3,5,3,3,"AG","A","G","","",3.36,0.64,0.64,0.64,0.64,-0.36,-1.36,1.64,-0.36,-0.36,-0.36,-1.36,-1.36,0.64,-1.36,1.64,-1.36,0.64,-0.36,1.64,-0.36,0.64,0.64,-0.36,1.64,-0.36,-0.36,3.13288103201147,5.01486860965122,NA,NA,NA,4.07387482083134
"CA02MR",5,4,5,5,4,1,4,4,1,4,2,1,4,5,2,4,1,4,5,2,3,4,4,4,3,5,"CR",5,4,5,5,4,1,4,4,1,4,2,1,4,5,2,4,1,NA,5,2,3,4,4,4,3,5,"CR","C","R","","",3.44,1.56,0.56,1.56,1.56,0.56,-2.44,0.56,0.56,-2.44,0.56,-1.44,-2.44,0.56,1.56,-1.44,0.56,-2.44,0.56,1.56,-1.44,-0.44,0.56,0.56,0.56,-0.44,1.56,5.18878165312948,4.1949928332537,NA,NA,NA,4.69188724319159
"SE07UF",4,3,1,4,3,2,1,1,1,3,1,4,2,5,3,4,1,1,2,1,1,1,1,1,4,1,"NJ",4,3,1,4,3,2,1,1,1,NA,1,4,2,5,3,4,1,1,2,1,1,1,1,1,4,1,"NJ","N","J","","",2.12,1.88,0.88,-1.12,1.88,0.88,-0.12,-1.12,-1.12,-1.12,0.88,-1.12,1.88,-0.12,2.88,0.88,1.88,-1.12,-1.12,-0.12,-1.12,-1.12,-1.12,-1.12,-1.12,1.88,-1.12,4.69809842331581,2.99623506927855,NA,NA,NA,3.84716674629718
"SB12KR",4,3,2,4,2,2,1,4,3,2,1,2,4,3,4,2,1,4,4,4,4,4,4,2,4,2,"MKB",4,NA,2,4,2,2,1,4,3,2,1,2,4,3,4,2,1,4,4,4,4,4,4,2,4,2,"MKB","M","K","B","",2.92,1.08,0.0800000000000001,-0.92,1.08,-0.92,-0.92,-1.92,1.08,0.0800000000000001,-0.92,-1.92,-0.92,1.08,0.0800000000000001,1.08,-0.92,-1.92,1.08,1.08,1.08,1.08,1.08,1.08,-0.92,1.08,-0.92,3.03350215002389,1.1142474916388,2.73536550406116,NA,NA,2.29437171524128
"CR04EW",5,4,3,2,3,2,2,1,5,4,2,3,4,3,5,2,1,4,5,5,3,5,5,5,5,5,"JAO",5,4,3,2,3,2,2,1,5,4,2,3,4,3,NA,2,1,4,5,5,3,5,5,5,5,5,"JAO","J","A","O","",3.52,1.48,0.48,-0.52,-1.52,-0.52,-1.52,-1.52,-2.52,1.48,0.48,-1.52,-0.52,0.48,-0.52,1.48,-1.52,-2.52,0.48,1.48,1.48,-0.52,1.48,1.48,1.48,1.48,1.48,3.99623506927855,4.13288103201147,4.7477878643096,NA,NA,4.29230132186654
"SB01MC",5,5,5,5,5,4,4,4,4,1,3,3,3,3,2,2,1,2,4,3,1,1,1,1,1,1,"L S",5,5,5,5,5,4,4,4,4,1,3,3,3,3,2,2,1,2,NA,3,1,1,1,1,1,1,"LS","L","S","","",2.8,2.2,2.2,2.2,2.2,2.2,1.2,1.2,1.2,1.2,-1.8,0.2,0.2,0.2,0.2,-0.8,-0.8,-1.8,-0.8,1.2,0.2,-1.8,-1.8,-1.8,-1.8,-1.8,-1.8,2.73536550406116,3.24468227424749,NA,NA,NA,2.99002388915432
"SB12HL",5,3,5,2,2,2,1,4,4,5,2,4,4,3,4,4,5,1,4,1,3,2,4,5,2,2,"JPC",5,3,NA,2,2,2,1,4,4,5,2,4,4,3,4,4,5,1,4,1,3,2,4,5,2,2,"JPC","J","P","C","",3.12,1.88,-0.12,1.88,-1.12,-1.12,-1.12,-2.12,0.88,0.88,1.88,-1.12,0.88,0.88,-0.12,0.88,0.88,1.88,-2.12,0.88,-2.12,-0.12,-1.12,0.88,1.88,-1.12,-1.12,4.99623506927855,4.10803631151457,5.18878165312948,NA,NA,4.76435101130753
"PT02RC",4,5,3,3,2,2,5,4,3,2,5,3,2,2,4,3,2,4,3,2,3,2,2,2,2,2,"BAG",4,5,3,3,2,2,NA,4,3,2,5,3,2,2,4,3,2,4,3,2,3,2,2,2,2,2,"BAG","B","A","G","",2.84,1.16,2.16,0.16,0.16,-0.84,-0.84,2.16,1.16,0.16,-0.84,2.16,0.16,-0.84,-0.84,1.16,0.16,-0.84,1.16,0.16,-0.84,0.16,-0.84,-0.84,-0.84,-0.84,-0.84,4.73536550406116,3.13288103201147,5.01486860965122,NA,NA,4.29437171524128
"SL03HL",4,4,5,4,2,2,4,4,3,4,2,5,3,2,4,3,4,2,4,4,4,4,2,1,4,4,"LH",4,4,5,4,2,2,4,NA,3,4,2,5,3,2,4,3,4,2,4,4,4,4,2,1,4,4,"LH","L","H","","",3.36,0.64,0.64,1.64,0.64,-1.36,-1.36,0.64,0.64,-0.36,0.64,-1.36,1.64,-0.36,-1.36,0.64,-0.36,0.64,-1.36,0.64,0.64,0.64,0.64,-1.36,-2.36,0.64,0.64,4.73536550406116,4.05213569039656,NA,NA,NA,4.39375059722886
"AD12HU",2,2,2,2,4,5,5,5,3,4,2,5,2,2,3,4,3,5,4,5,4,2,3,4,3,3,"JNE",2,2,2,2,NA,5,5,5,3,4,2,5,2,2,3,4,3,5,4,5,4,2,3,4,3,3,"JNE","J","N","E","",3.36,-1.36,-1.36,-1.36,-1.36,0.64,1.64,1.64,1.64,-0.36,0.64,-1.36,1.64,-1.36,-1.36,-0.36,0.64,-0.36,1.64,0.64,1.64,0.64,-1.36,-0.36,0.64,-0.36,-0.36,3.99623506927855,1.69809842331581,3.77884376493072,NA,NA,3.15772575250836
"HL08RL",2,5,3,5,2,4,3,4,1,2,5,3,5,2,3,4,3,4,5,5,4,3,5,5,5,2,"MFP",2,5,3,5,2,4,3,4,1,2,5,3,5,2,3,NA,3,4,5,5,4,3,5,5,5,2,"MFP","M","F","P","",3.6,-1.6,1.4,-0.6,1.4,-1.6,0.4,-0.6,0.4,-2.6,-1.6,1.4,-0.6,1.4,-1.6,-0.6,0.4,-0.6,0.4,1.4,1.4,0.4,-0.6,1.4,1.4,1.4,-1.6,4.03350215002389,4.39996177735308,4.10803631151457,NA,NA,4.18050007963051
"SM06AD",5,2,4,5,3,2,1,1,4,2,4,5,5,2,1,4,3,5,2,3,1,5,2,5,2,3,"DR",5,2,4,5,3,2,1,1,4,2,4,5,5,2,1,4,3,NA,2,3,1,5,2,5,2,3,"DR","D","R","","",3.04,1.96,-1.04,0.96,1.96,-0.04,-1.04,-2.04,-2.04,0.96,-1.04,0.96,1.96,1.96,-1.04,-2.04,0.96,-0.04,1.96,-1.04,-0.04,-2.04,1.96,-1.04,1.96,-1.04,-0.04,4.79126612517917,5.1949928332537,NA,NA,NA,4.99312947921644
"CN10MC",3,1,3,2,3,4,2,2,2,2,3,3,1,2,1,2,4,4,1,2,2,1,3,3,3,4,"m.w.",3,1,3,2,3,4,2,2,2,2,3,3,1,2,1,2,4,4,1,2,2,1,NA,3,3,4,"MW","M","W","","",2.4,0.6,-1.4,0.6,-0.4,0.6,1.6,-0.4,-0.4,-0.4,-0.4,0.6,0.6,-1.4,-0.4,-1.4,-0.4,1.6,1.6,-1.4,-0.4,-0.4,-1.4,0.6,0.6,0.6,1.6,0.0335021500238891,3.18878165312948,NA,NA,NA,1.61114190157668
"NN08SE",4,4,1,2,3,1,1,4,3,1,1,5,5,5,5,5,4,3,2,1,1,5,5,5,5,1,"LL",4,4,1,2,3,1,1,4,3,1,1,NA,5,5,5,5,4,3,2,1,1,5,5,5,5,1,"LL","L","L","","",3.08,0.92,0.92,-2.08,-1.08,-0.0800000000000001,-2.08,-2.08,0.92,-0.0800000000000001,-2.08,-2.08,1.92,1.92,1.92,1.92,1.92,0.92,-0.0800000000000001,-1.08,-2.08,-2.08,1.92,1.92,1.92,1.92,-2.08,4.73536550406116,4.73536550406116,NA,NA,NA,4.73536550406116
"CR09SE",5,3,3,4,4,4,3,2,2,3,5,4,4,4,4,4,1,5,5,3,2,2,2,2,3,4,"KK",5,3,3,4,4,4,3,2,2,3,NA,4,4,4,4,4,1,5,5,3,2,2,2,2,3,4,"KK","K","K","","",3.28,1.72,-0.28,-0.28,0.72,0.72,0.72,-0.28,-1.28,-1.28,-0.28,1.72,0.72,0.72,0.72,0.72,0.72,-2.28,1.72,1.72,-0.28,-1.28,-1.28,-1.28,-1.28,-0.28,0.72,5.1142474916388,5.1142474916388,NA,NA,NA,5.1142474916388
"KR08EI",2,4,2,5,3,2,2,2,2,2,4,4,4,2,2,2,1,4,5,1,1,1,5,2,1,4,"LD",2,4,2,NA,3,2,2,2,2,2,4,4,4,2,2,2,1,4,5,1,1,1,5,2,1,4,"LD","L","D","","",2.56,-0.56,1.44,-0.56,2.44,0.44,-0.56,-0.56,-0.56,-0.56,-0.56,1.44,1.44,1.44,-0.56,-0.56,-0.56,-1.56,1.44,2.44,-1.56,-1.56,-1.56,2.44,-0.56,-1.56,1.44,3.73536550406116,4.79126612517917,NA,NA,NA,4.26331581462016
"BA08AD",4,3,1,5,5,3,2,1,1,1,1,4,5,4,5,5,4,3,3,3,1,1,1,1,4,3,"E M VDR",4,3,1,5,5,3,2,1,1,1,1,4,5,4,5,5,4,NA,3,3,1,1,1,1,4,3,"EMVDR","E","M","V","D",2.84,1.16,0.16,-1.84,2.16,2.16,0.16,-0.84,-1.84,-1.84,-1.84,-1.84,1.16,2.16,1.16,2.16,2.16,1.16,0.16,0.16,0.16,-1.84,-1.84,-1.84,-1.84,1.16,0.16,4.77884376493072,4.03350215002389,1.36269469660774,4.79126612517917,3.1949928332537,3.63225991399904
"RG12CR",4,4,2,3,4,4,3,4,4,4,4,5,5,4,4,3,3,3,4,4,5,3,2,2,3,4,"FBL",4,4,2,3,4,4,3,4,4,4,4,NA,5,4,4,3,3,3,4,4,5,3,2,2,3,4,"FBL","F","B","L","",3.56,0.44,0.44,-1.56,-0.56,0.44,0.44,-0.56,0.44,0.44,0.44,0.44,1.44,1.44,0.44,0.44,-0.56,-0.56,-0.56,0.44,0.44,1.44,-0.56,-1.56,-1.56,-0.56,0.44,4.39996177735308,3.73536550406116,4.73536550406116,NA,NA,4.2902309284918
